run_id,job_id,arrival_time_ms,service_time_ms,start_time_ms,finish_time_ms,waiting_time_ms,execution_time_ms,response_time_ms,cpu_usage_percent,memory_usage_mb,slowdown
bba44f8e5b,F00001,0,162,0,162,0,162,162,0.0,14703.41015625,1.0
bba44f8e5b,F00002,0,529,0,529,0,529,529,0.0,14703.41015625,1.0
bba44f8e5b,F00003,0,290,0,290,0,290,290,37.5,14703.4453125,1.0
bba44f8e5b,F00004,0,275,0,275,0,275,275,33.35,14703.4453125,1.0
bba44f8e5b,F00005,0,264,0,264,0,264,264,33.35,14703.4453125,1.0
bba44f8e5b,F00006,0,221,0,221,0,221,221,0.0,14703.484375,1.0
bba44f8e5b,F00007,0,527,0,527,0,527,527,0.0,14703.484375,1.0
bba44f8e5b,F00008,0,202,0,202,0,202,202,0.0,14703.484375,1.0
bba44f8e5b,F00009,0,496,0,496,0,496,496,0.0,14703.484375,1.0
bba44f8e5b,F00010,0,529,0,529,0,529,529,50.0,14703.4453125,1.0
bba44f8e5b,F00011,0,429,0,429,0,429,429,0.0,14703.52734375,1.0
bba44f8e5b,F00012,0,194,0,194,0,194,194,0.0,14703.484375,1.0
bba44f8e5b,F00013,0,452,0,452,0,452,452,0.0,14703.52734375,1.0
bba44f8e5b,F00014,0,366,0,366,0,366,366,0.0,14703.52734375,1.0
bba44f8e5b,F00015,0,166,0,166,0,166,166,0.0,14703.52734375,1.0
bba44f8e5b,F00016,0,165,0,165,0,165,165,0.0,14703.55859375,1.0
bba44f8e5b,F00017,0,197,165,362,165,197,362,72.25,14707.171875,1.8375634517766497
bba44f8e5b,F00018,0,261,165,426,165,261,426,14.05,14703.89453125,1.632183908045977
bba44f8e5b,F00019,0,269,165,434,165,269,434,21.0,14703.89453125,1.6133828996282529
bba44f8e5b,F00020,0,408,165,573,165,408,573,13.25,14703.8046875,1.4044117647058822
bba44f8e5b,F00021,0,458,362,820,362,458,820,16.05,14703.95703125,1.7903930131004366
bba44f8e5b,F00022,0,163,362,525,362,163,525,16.05,14704.36328125,3.2208588957055215
bba44f8e5b,F00023,0,437,362,799,362,437,799,15.0,14704.70703125,1.82837528604119
bba44f8e5b,F00024,0,251,426,677,426,251,677,31.05,14705.0703125,2.697211155378486
bba44f8e5b,F00025,0,516,426,942,426,516,942,16.05,14704.70703125,1.8255813953488371
bba44f8e5b,F00026,0,482,426,908,426,482,908,31.05,14705.08203125,1.883817427385892
bba44f8e5b,F00027,0,509,426,935,426,509,935,15.8,14705.08203125,1.836935166994106
bba44f8e5b,F00028,0,429,426,855,426,429,855,16.65,14705.08203125,1.993006993006993
bba44f8e5b,F00029,6436,379,6436,6815,0,379,379,13.65,14705.3828125,1.0
bba44f8e5b,F00030,6436,451,6436,6887,0,451,451,13.65,14705.3828125,1.0
bba44f8e5b,F00031,6436,292,6436,6728,0,292,292,4.4,14704.546875,1.0
bba44f8e5b,F00032,6436,564,6436,7000,0,564,564,13.65,14703.51953125,1.0
bba44f8e5b,F00033,6436,595,6436,7031,0,595,595,12.5,14701.46484375,1.0
bba44f8e5b,F00034,6436,153,6436,6589,0,153,153,9.4,14701.46484375,1.0
bba44f8e5b,F00035,6436,538,6436,6974,0,538,538,9.4,14701.46484375,1.0
bba44f8e5b,F00036,6436,562,6436,6998,0,562,562,34.4,14701.46484375,1.0
bba44f8e5b,F00037,6436,231,6436,6667,0,231,231,59.4,14701.46484375,1.0
bba44f8e5b,F00038,6436,507,6436,6943,0,507,507,7.7,14701.453125,1.0
bba44f8e5b,F00039,6436,366,6436,6802,0,366,366,7.7,14701.453125,1.0
bba44f8e5b,F00040,6436,324,6436,6760,0,324,324,9.7,14701.453125,1.0
bba44f8e5b,F00041,6436,292,6436,6728,0,292,292,7.7,14701.453125,1.0
bba44f8e5b,F00042,6436,229,6589,6818,153,229,382,9.7,14701.453125,1.668122270742358
bba44f8e5b,F00043,6436,260,6667,6927,231,260,491,10.0,14701.453125,1.8884615384615384
bba44f8e5b,F00044,6436,540,6667,7207,231,540,771,10.0,14701.453125,1.4277777777777778
bba44f8e5b,F00045,6436,322,6728,7050,292,322,614,10.0,14701.453125,1.906832298136646
bba44f8e5b,F00046,6436,202,6728,6930,292,202,494,10.0,14701.453125,2.4455445544554455
bba44f8e5b,F00047,6436,197,6728,6925,292,197,489,9.7,14701.453125,2.482233502538071
bba44f8e5b,F00048,6436,344,6728,7072,292,344,636,7.7,14701.453125,1.8488372093023255
bba44f8e5b,F00049,6436,199,6728,6927,292,199,491,38.55,14701.453125,2.4673366834170856
bba44f8e5b,F00050,6436,333,6818,7151,382,333,715,14.8,14701.453125,2.1471471471471473
bba44f8e5b,F00051,6436,583,6818,7401,382,583,965,14.8,14701.453125,1.6552315608919383
bba44f8e5b,F00052,6436,326,6925,7251,489,326,815,7.7,14701.453125,2.5
bba44f8e5b,F00053,6436,459,6925,7384,489,459,948,8.95,14701.453125,2.065359477124183
bba44f8e5b,F00054,6436,285,6925,7210,489,285,774,10.0,14701.453125,2.7157894736842105
bba44f8e5b,F00055,6436,563,6927,7490,491,563,1054,10.0,14701.453125,1.8721136767317939
bba44f8e5b,F00056,6436,172,6927,7099,491,172,663,8.0,14701.453125,3.854651162790698
bba44f8e5b,F00057,6436,523,6927,7450,491,523,1014,8.0,14701.453125,1.9388145315487573
bba44f8e5b,F00058,6436,385,6927,7312,491,385,876,8.0,14701.453125,2.275324675324675
bba44f8e5b,F00059,6436,424,7099,7523,663,424,1087,8.0,14701.453125,2.563679245283019
bba44f8e5b,F00060,6436,213,7099,7312,663,213,876,8.0,14701.453125,4.112676056338028
bba44f8e5b,F00061,12536,432,12536,12968,0,432,432,33.0,14701.453125,1.0
bba44f8e5b,F00062,12536,300,12536,12836,0,300,300,33.0,14701.453125,1.0
bba44f8e5b,F00063,12536,574,12536,13110,0,574,574,12.85,14701.453125,1.0
bba44f8e5b,F00064,12536,471,12536,13007,0,471,471,12.85,14701.453125,1.0
bba44f8e5b,F00065,12536,466,12536,13002,0,466,466,6.6,14697.9453125,1.0
bba44f8e5b,F00066,12536,591,12536,13127,0,591,591,6.6,14701.19140625,1.0
bba44f8e5b,F00067,12536,335,12536,12871,0,335,335,6.6,14697.9453125,1.0
bba44f8e5b,F00068,12536,445,12536,12981,0,445,445,10.0,14697.9453125,1.0
bba44f8e5b,F00069,12536,248,12536,12784,0,248,248,10.0,14697.9453125,1.0
bba44f8e5b,F00070,12536,510,12536,13046,0,510,510,10.0,14697.9453125,1.0
bba44f8e5b,F00071,12536,185,12536,12721,0,185,185,12.5,14697.9453125,1.0
bba44f8e5b,F00072,12536,173,12721,12894,185,173,358,12.5,14697.9453125,2.069364161849711
bba44f8e5b,F00073,12536,488,12721,13209,185,488,673,10.0,14697.94921875,1.3790983606557377
bba44f8e5b,F00074,12536,266,12721,12987,185,266,451,12.5,14697.94921875,1.6954887218045114
bba44f8e5b,F00075,12536,545,12721,13266,185,545,730,37.5,14697.94921875,1.3394495412844036
bba44f8e5b,F00076,12536,298,12721,13019,185,298,483,37.5,14697.94921875,1.6208053691275168
bba44f8e5b,F00077,12536,190,12721,12911,185,190,375,8.35,14697.94921875,1.9736842105263157
bba44f8e5b,F00078,12536,587,12721,13308,185,587,772,5.0,14698.87109375,1.3151618398637137
bba44f8e5b,F00079,12536,269,12721,12990,185,269,454,7.5,14698.87109375,1.687732342007435
bba44f8e5b,F00080,12536,593,12721,13314,185,593,778,7.5,14698.87109375,1.3119730185497471
bba44f8e5b,F00081,12536,201,12721,12922,185,201,386,7.5,14698.87109375,1.9203980099502487
bba44f8e5b,F00082,12536,344,12721,13065,185,344,529,7.5,14699.3671875,1.5377906976744187
bba44f8e5b,F00083,12536,292,12721,13013,185,292,477,5.0,14699.02734375,1.6335616438356164
bba44f8e5b,F00084,12536,382,12721,13103,185,382,567,37.5,14699.27734375,1.4842931937172774
bba44f8e5b,F00085,12536,475,12721,13196,185,475,660,14.5,14699.96484375,1.3894736842105264
bba44f8e5b,F00086,12536,577,12721,13298,185,577,762,15.5,14699.57421875,1.3206239168110918
bba44f8e5b,F00087,12536,336,12911,13247,375,336,711,13.25,14706.8515625,2.1160714285714284
bba44f8e5b,F00088,16868,331,16868,17199,0,331,331,13.25,14707.0859375,1.0
bba44f8e5b,F00089,16868,257,16868,17125,0,257,257,13.25,14707.78515625,1.0
bba44f8e5b,F00090,16868,493,16868,17361,0,493,493,10.0,14708.56640625,1.0
bba44f8e5b,F00091,16868,286,16868,17154,0,286,286,10.0,14708.56640625,1.0
bba44f8e5b,F00092,16868,509,16868,17377,0,509,509,14.6,14708.890625,1.0
bba44f8e5b,F00093,16868,499,16868,17367,0,499,499,18.35,14709.61328125,1.0
bba44f8e5b,F00094,16868,481,16868,17349,0,481,481,16.2,14709.59375,1.0
bba44f8e5b,F00095,16868,186,16868,17054,0,186,186,18.35,14709.58984375,1.0
bba44f8e5b,F00096,16868,461,16868,17329,0,461,461,16.2,14709.6015625,1.0
bba44f8e5b,F00097,16868,475,16868,17343,0,475,475,14.85,14709.73828125,1.0
bba44f8e5b,F00098,16868,237,16868,17105,0,237,237,16.2,14709.7578125,1.0
bba44f8e5b,F00099,16868,423,17054,17477,186,423,609,9.6,14709.796875,1.4397163120567376
bba44f8e5b,F00100,16868,523,17105,17628,237,523,760,41.25,14709.84375,1.4531548757170172
bba44f8e5b,F00101,16868,275,17105,17380,237,275,512,15.6,14709.79296875,1.8618181818181818
bba44f8e5b,F00102,16868,233,17105,17338,237,233,470,14.7,14709.796875,2.017167381974249
bba44f8e5b,F00103,16868,386,17105,17491,237,386,623,15.6,14709.8046875,1.6139896373056994
bba44f8e5b,F00104,16868,344,17338,17682,470,344,814,12.8,14709.859375,2.366279069767442
bba44f8e5b,F00105,16868,288,17338,17626,470,288,758,16.0,14709.859375,2.6319444444444446
bba44f8e5b,F00106,16868,477,17338,17815,470,477,947,15.6,14709.86328125,1.9853249475890986
bba44f8e5b,F00107,16868,502,17338,17840,470,502,972,11.65,14709.8359375,1.9362549800796813
bba44f8e5b,F00108,16868,435,17338,17773,470,435,905,9.6,14709.7421875,2.0804597701149423
bba44f8e5b,F00109,16868,262,17338,17600,470,262,732,13.15,14709.88671875,2.7938931297709924
bba44f8e5b,F00110,16868,500,17338,17838,470,500,970,11.35,14709.8046875,1.94
bba44f8e5b,F00111,16868,316,17380,17696,512,316,828,16.2,14709.99609375,2.6202531645569622
bba44f8e5b,F00112,16868,581,17491,18072,623,581,1204,13.95,14709.9921875,2.072289156626506
bba44f8e5b,F00113,16868,543,17491,18034,623,543,1166,16.2,14709.99609375,2.147329650092081
bba44f8e5b,F00114,16868,547,17600,18147,732,547,1279,16.2,14710.30859375,2.3382084095063984
bba44f8e5b,F00115,16868,178,17600,17778,732,178,910,16.2,14710.3125,5.112359550561798
bba44f8e5b,F00116,16868,267,17600,17867,732,267,999,13.45,14710.55859375,3.741573033707865
bba44f8e5b,F00117,16868,570,17600,18170,732,570,1302,11.3,14710.5859375,2.2842105263157895
bba44f8e5b,F00118,16868,166,17600,17766,732,166,898,10.95,14710.83203125,5.409638554216867
bba44f8e5b,F00119,16868,562,17696,18258,828,562,1390,20.0,14710.67578125,2.473309608540925
bba44f8e5b,F00120,16868,311,17696,18007,828,311,1139,20.0,14710.7109375,3.662379421221865
bba44f8e5b,F00121,16868,355,17766,18121,898,355,1253,20.0,14710.7109375,3.5295774647887326
bba44f8e5b,F00122,16868,287,17766,18053,898,287,1185,23.7,14710.7421875,4.128919860627177
bba44f8e5b,F00123,16868,183,17766,17949,898,183,1081,17.65,14710.7578125,5.907103825136612
bba44f8e5b,F00124,21596,258,21596,21854,0,258,258,28.75,14712.41796875,1.0
bba44f8e5b,F00125,21596,485,21596,22081,0,485,485,45.4,14710.76953125,1.0
bba44f8e5b,F00126,21596,405,21596,22001,0,405,405,20.95,14708.2890625,1.0
bba44f8e5b,F00127,21596,352,21596,21948,0,352,352,18.65,14708.27734375,1.0
bba44f8e5b,F00128,21596,479,21596,22075,0,479,479,20.65,14678.67578125,1.0
bba44f8e5b,F00129,21596,384,21596,21980,0,384,384,18.65,14658.1953125,1.0
bba44f8e5b,F00130,21596,223,21596,21819,0,223,223,19.8,14654.21484375,1.0
bba44f8e5b,F00131,21596,285,21596,21881,0,285,285,18.85,14651.1484375,1.0
bba44f8e5b,F00132,21596,221,21596,21817,0,221,221,68.65,14645.109375,1.0
bba44f8e5b,F00133,21596,276,21596,21872,0,276,276,25.4,14653.01953125,1.0
bba44f8e5b,F00134,21596,531,21596,22127,0,531,531,66.0,14672.66796875,1.0
bba44f8e5b,F00135,21596,437,21817,22254,221,437,658,26.15,14678.87109375,1.505720823798627
bba44f8e5b,F00136,21596,425,21817,22242,221,425,646,30.95,14693.32421875,1.52
bba44f8e5b,F00137,21596,284,21817,22101,221,284,505,27.1,14693.3359375,1.778169014084507
bba44f8e5b,F00138,21596,532,21819,22351,223,532,755,26.5,14691.3125,1.419172932330827
bba44f8e5b,F00139,21596,449,21819,22268,223,449,672,29.05,14689.85546875,1.4966592427616927
bba44f8e5b,F00140,21596,369,21872,22241,276,369,645,26.5,14688.703125,1.7479674796747968
bba44f8e5b,F00141,21596,448,21872,22320,276,448,724,25.6,14689.84765625,1.6160714285714286
bba44f8e5b,F00142,21596,354,21948,22302,352,354,706,25.6,14688.70703125,1.9943502824858756
bba44f8e5b,F00143,21596,335,22101,22436,505,335,840,30.15,14688.62890625,2.5074626865671643
bba44f8e5b,F00144,21596,262,22241,22503,645,262,907,28.65,14688.59765625,3.4618320610687023
bba44f8e5b,F00145,21596,220,22241,22461,645,220,865,28.4,14688.6171875,3.9318181818181817
bba44f8e5b,F00146,21596,410,22241,22651,645,410,1055,28.65,14688.58203125,2.573170731707317
bba44f8e5b,F00147,21596,402,22241,22643,645,402,1047,63.550000000000004,14688.58203125,2.6044776119402986
bba44f8e5b,F00148,21596,196,22241,22437,645,196,841,28.2,14688.5078125,4.290816326530612
bba44f8e5b,F00149,21596,536,22241,22777,645,536,1181,28.2,14688.5703125,2.203358208955224
bba44f8e5b,F00150,21596,174,22241,22415,645,174,819,24.2,14688.5234375,4.706896551724138
bba44f8e5b,F00151,21596,590,22268,22858,672,590,1262,28.2,14688.50390625,2.1389830508474574
bba44f8e5b,F00152,21596,206,22268,22474,672,206,878,67.55,14688.9453125,4.262135922330097
bba44f8e5b,F00153,21596,228,22268,22496,672,228,900,68.19999999999999,14688.9453125,3.9473684210526314
bba44f8e5b,F00154,21596,471,22268,22739,672,471,1143,32.25,14692.4921875,2.426751592356688
bba44f8e5b,F00155,21596,231,22268,22499,672,231,903,32.25,14692.4921875,3.909090909090909
bba44f8e5b,F00156,21596,555,22268,22823,672,555,1227,30.5,14689.6953125,2.210810810810811
bba44f8e5b,F00157,21596,498,22268,22766,672,498,1170,36.6,14692.53515625,2.3493975903614457
bba44f8e5b,F00158,21596,366,22268,22634,672,366,1038,32.3,14692.46484375,2.8360655737704916
bba44f8e5b,F00159,29481,347,29481,29828,0,347,347,33.35,14692.5390625,1.0
bba44f8e5b,F00160,29481,345,29481,29826,0,345,345,73.4,14689.59765625,1.0
bba44f8e5b,F00161,29481,455,29481,29936,0,455,455,33.6,14690.0546875,1.0
bba44f8e5b,F00162,29481,389,29481,29870,0,389,389,33.95,14690.06640625,1.0
bba44f8e5b,F00163,29481,420,29481,29901,0,420,420,75.75,14689.87890625,1.0
bba44f8e5b,F00164,29481,278,29481,29759,0,278,278,33.95,14691.01171875,1.0
bba44f8e5b,F00165,29481,433,29759,30192,278,433,711,33.35,14691.76171875,1.6420323325635104
bba44f8e5b,F00166,29481,590,29759,30349,278,590,868,35.7,14690.24609375,1.471186440677966
bba44f8e5b,F00167,29481,155,29759,29914,278,155,433,33.35,14690.17578125,2.793548387096774
bba44f8e5b,F00168,29481,498,29759,30257,278,498,776,52.1,14688.78125,1.5582329317269077
bba44f8e5b,F00169,29481,519,29759,30278,278,519,797,49.6,14689.42578125,1.535645472061657
bba44f8e5b,F00170,29481,208,29759,29967,278,208,486,25.65,14683.98828125,2.3365384615384617
bba44f8e5b,F00171,29481,499,29759,30258,278,499,777,27.2,14682.9296875,1.5571142284569137
bba44f8e5b,F00172,29481,424,29759,30183,278,424,702,31.25,14683.796875,1.6556603773584906
bba44f8e5b,F00173,29481,534,29759,30293,278,534,812,13.9,14682.9921875,1.5205992509363295
bba44f8e5b,F00174,29481,286,29759,30045,278,286,564,27.2,14682.9921875,1.972027972027972
bba44f8e5b,F00175,29481,543,29759,30302,278,543,821,31.25,14682.9921875,1.5119705340699816
bba44f8e5b,F00176,29481,478,29914,30392,433,478,911,13.9,14683.12890625,1.905857740585774
bba44f8e5b,F00177,29481,324,29914,30238,433,324,757,55.300000000000004,14683.1328125,2.3364197530864197
bba44f8e5b,F00178,29481,207,29914,30121,433,207,640,23.75,14683.15625,3.0917874396135265
bba44f8e5b,F00179,29481,300,29914,30214,433,300,733,27.45,14684.1640625,2.4433333333333334
bba44f8e5b,F00180,29481,372,29914,30286,433,372,805,22.1,14684.3984375,2.163978494623656
bba44f8e5b,F00181,29481,230,29914,30144,433,230,663,23.75,14684.80078125,2.882608695652174
bba44f8e5b,F00182,29481,382,29914,30296,433,382,815,26.9,14685.1328125,2.1335078534031413
bba44f8e5b,F00183,29481,151,30121,30272,640,151,791,22.1,14687.64453125,5.23841059602649
bba44f8e5b,F00184,29481,519,30121,30640,640,519,1159,44.05,14689.9765625,2.233140655105973
bba44f8e5b,F00185,29481,598,30121,30719,640,598,1238,32.35,14689.7109375,2.0702341137123748
bba44f8e5b,F00186,34638,409,34638,35047,0,409,409,47.05,14690.4609375,1.0
bba44f8e5b,F00187,34638,204,34638,34842,0,204,204,23.9,14690.9921875,1.0
bba44f8e5b,F00188,34638,595,34638,35233,0,595,595,23.9,14690.56640625,1.0
bba44f8e5b,F00189,34638,470,34638,35108,0,470,470,23.9,14692.43359375,1.0
bba44f8e5b,F00190,34638,302,34638,34940,0,302,302,22.15,14691.88671875,1.0
bba44f8e5b,F00191,34638,580,34638,35218,0,580,580,23.9,14693.703125,1.0
bba44f8e5b,F00192,34638,477,34638,35115,0,477,477,16.65,14695.71875,1.0
bba44f8e5b,F00193,34638,409,34638,35047,0,409,409,21.9,14695.71484375,1.0
bba44f8e5b,F00194,34638,461,34638,35099,0,461,461,26.85,14697.37890625,1.0
bba44f8e5b,F00195,34638,251,34638,34889,0,251,251,51.2,14697.37890625,1.0
bba44f8e5b,F00196,34638,228,34638,34866,0,228,228,25.0,14697.37890625,1.0
bba44f8e5b,F00197,34638,341,34638,34979,0,341,341,20.25,14697.15234375,1.0
bba44f8e5b,F00198,34638,540,34638,35178,0,540,540,21.45,14699.5390625,1.0
bba44f8e5b,F00199,34638,232,34638,34870,0,232,232,21.45,14699.5625,1.0
bba44f8e5b,F00200,34638,426,34866,35292,228,426,654,20.25,14698.37109375,1.5352112676056338
bba44f8e5b,F00201,34638,548,34866,35414,228,548,776,18.75,14700.15234375,1.416058394160584
bba44f8e5b,F00202,34638,421,34866,35287,228,421,649,20.85,14700.15234375,1.5415676959619953
bba44f8e5b,F00203,34638,150,34866,35016,228,150,378,22.75,14700.15234375,2.52
bba44f8e5b,F00204,34638,456,34866,35322,228,456,684,18.75,14700.14453125,1.5
bba44f8e5b,F00205,34638,315,34870,35185,232,315,547,18.3,14699.25,1.7365079365079366
bba44f8e5b,F00206,34638,400,34870,35270,232,400,632,18.3,14699.21484375,1.58
bba44f8e5b,F00207,34638,159,34870,35029,232,159,391,18.3,14695.66015625,2.459119496855346
bba44f8e5b,F00208,34638,207,34870,35077,232,207,439,18.55,14695.25,2.1207729468599035
bba44f8e5b,F00209,34638,335,35016,35351,378,335,713,18.3,14698.328125,2.1283582089552238
bba44f8e5b,F00210,34638,599,35016,35615,378,599,977,15.0,14694.44140625,1.6310517529215358
bba44f8e5b,F00211,34638,575,35016,35591,378,575,953,15.0,14692.64453125,1.657391304347826
bba44f8e5b,F00212,34638,563,35016,35579,378,563,941,43.3,14692.64453125,1.6714031971580816
bba44f8e5b,F00213,34638,307,35029,35336,391,307,698,12.5,14692.64453125,2.273615635179153
bba44f8e5b,F00214,34638,272,35029,35301,391,272,663,12.5,14692.64453125,2.4375
bba44f8e5b,F00215,34638,179,35029,35208,391,179,570,10.45,14692.64453125,3.184357541899441
bba44f8e5b,F00216,39611,193,39611,39804,0,193,193,12.5,14692.7109375,1.0
bba44f8e5b,F00217,39611,524,39611,40135,0,524,524,9.4,14692.7109375,1.0
bba44f8e5b,F00218,39611,398,39611,40009,0,398,398,9.4,14692.7109375,1.0
bba44f8e5b,F00219,39611,567,39611,40178,0,567,567,9.4,14692.7109375,1.0
bba44f8e5b,F00220,39611,185,39611,39796,0,185,185,9.4,14692.7109375,1.0
bba44f8e5b,F00221,39611,539,39611,40150,0,539,539,9.4,14692.7109375,1.0
bba44f8e5b,F00222,39611,422,39611,40033,0,422,422,21.05,14692.7109375,1.0
bba44f8e5b,F00223,39611,542,39611,40153,0,542,542,34.4,14692.7109375,1.0
bba44f8e5b,F00224,39611,214,39611,39825,0,214,214,10.55,14692.7109375,1.0
bba44f8e5b,F00225,39611,215,39611,39826,0,215,215,7.6,14692.7109375,1.0
bba44f8e5b,F00226,39611,487,39611,40098,0,487,487,10.85,14693.87109375,1.0
bba44f8e5b,F00227,39611,393,39611,40004,0,393,393,10.85,14695.265625,1.0
bba44f8e5b,F00228,39611,431,39611,40042,0,431,431,10.85,14695.2734375,1.0
bba44f8e5b,F00229,39611,234,39611,39845,0,234,234,10.25,14695.2734375,1.0
bba44f8e5b,F00230,39611,285,39825,40110,214,285,499,10.85,14695.2734375,1.750877192982456
bba44f8e5b,F00231,39611,420,39825,40245,214,420,634,10.85,14695.2734375,1.5095238095238095
bba44f8e5b,F00232,39611,596,39826,40422,215,596,811,10.4,14695.2734375,1.360738255033557
bba44f8e5b,F00233,39611,460,39826,40286,215,460,675,10.85,14695.2734375,1.4673913043478262
bba44f8e5b,F00234,39611,366,39845,40211,234,366,600,7.35,14695.21484375,1.639344262295082
bba44f8e5b,F00235,39611,258,39845,40103,234,258,492,10.85,14695.21484375,1.9069767441860466
bba44f8e5b,F00236,39611,426,39845,40271,234,426,660,10.85,14695.21484375,1.5492957746478873
bba44f8e5b,F00237,39611,536,39845,40381,234,536,770,11.35,14695.21484375,1.4365671641791045
bba44f8e5b,F00238,39611,523,39845,40368,234,523,757,11.35,14695.21484375,1.4474187380497132
bba44f8e5b,F00239,39611,503,40103,40606,492,503,995,11.9,14695.21484375,1.978131212723658
bba44f8e5b,F00240,39611,252,40103,40355,492,252,744,11.9,14695.21484375,2.9523809523809526
bba44f8e5b,F00241,39611,515,40103,40618,492,515,1007,11.35,14695.21484375,1.9553398058252427
bba44f8e5b,F00242,39611,309,40271,40580,660,309,969,36.9,14694.78515625,3.1359223300970873
bba44f8e5b,F00243,45879,374,45879,46253,0,374,374,38.05,14694.78515625,1.0
bba44f8e5b,F00244,45879,414,45879,46293,0,414,414,16.15,14694.78515625,1.0
bba44f8e5b,F00245,45879,381,45879,46260,0,381,381,14.7,14694.78515625,1.0
bba44f8e5b,F00246,45879,211,45879,46090,0,211,211,15.15,14694.78515625,1.0
bba44f8e5b,F00247,45879,276,45879,46155,0,276,276,19.25,14694.78515625,1.0
bba44f8e5b,F00248,45879,265,45879,46144,0,265,265,14.7,14694.78515625,1.0
bba44f8e5b,F00249,45879,182,45879,46061,0,182,182,14.7,14694.78515625,1.0
bba44f8e5b,F00250,45879,323,45879,46202,0,323,323,19.25,14694.78515625,1.0
bba44f8e5b,F00251,45879,160,45879,46039,0,160,160,19.25,14694.78515625,1.0
bba44f8e5b,F00252,45879,451,45879,46330,0,451,451,16.65,14694.78515625,1.0
bba44f8e5b,F00253,45879,433,45879,46312,0,433,433,38.849999999999994,14694.78515625,1.0
bba44f8e5b,F00254,45879,267,46039,46306,160,267,427,36.5,14694.78515625,1.599250936329588
bba44f8e5b,F00255,45879,451,46039,46490,160,451,611,19.55,14694.78515625,1.3547671840354767
bba44f8e5b,F00256,45879,262,46039,46301,160,262,422,15.5,14694.78515625,1.6106870229007633
bba44f8e5b,F00257,45879,153,46039,46192,160,153,313,10.55,14694.78515625,2.045751633986928
bba44f8e5b,F00258,45879,186,46039,46225,160,186,346,10.0,14694.78515625,1.8602150537634408
bba44f8e5b,F00259,45879,512,46192,46704,313,512,825,14.5,14694.78515625,1.611328125
bba44f8e5b,F00260,45879,473,46192,46665,313,473,786,9.5,14694.78515625,1.6617336152219873
bba44f8e5b,F00261,45879,180,46192,46372,313,180,493,11.1,14694.78515625,2.738888888888889
bba44f8e5b,F00262,45879,267,46192,46459,313,267,580,11.1,14694.78515625,2.1722846441947565
bba44f8e5b,F00263,45879,184,46192,46376,313,184,497,10.0,14694.78515625,2.7010869565217392
bba44f8e5b,F00264,45879,166,46192,46358,313,166,479,9.1,14694.78515625,2.8855421686746987
bba44f8e5b,F00265,45879,590,46192,46782,313,590,903,48.0,14694.78515625,1.5305084745762711
bba44f8e5b,F00266,45879,319,46225,46544,346,319,665,9.1,14694.78515625,2.084639498432602
bba44f8e5b,F00267,45879,186,46225,46411,346,186,532,17.75,14694.78515625,2.860215053763441
bba44f8e5b,F00268,45879,413,46225,46638,346,413,759,17.2,14694.78515625,1.837772397094431
bba44f8e5b,F00269,45879,271,46358,46629,479,271,750,12.95,14694.78515625,2.7675276752767526
bba44f8e5b,F00270,45879,292,46358,46650,479,292,771,12.95,14694.78515625,2.6404109589041096
bba44f8e5b,F00271,45879,492,46358,46850,479,492,971,12.95,14694.78515625,1.9735772357723578
bba44f8e5b,F00272,45879,398,46358,46756,479,398,877,15.9,14694.78515625,2.2035175879396984
bba44f8e5b,F00273,45879,259,46358,46617,479,259,738,17.5,14694.4921875,2.8494208494208495
bba44f8e5b,F00274,45879,426,46358,46784,479,426,905,15.9,14694.4921875,2.124413145539906
bba44f8e5b,F00275,45879,217,46358,46575,479,217,696,17.5,14694.4921875,3.207373271889401
bba44f8e5b,F00276,45879,520,46376,46896,497,520,1017,17.5,14694.4921875,1.9557692307692307
bba44f8e5b,F00277,45879,442,46376,46818,497,442,939,17.5,14694.4921875,2.1244343891402715
bba44f8e5b,F00278,45879,445,46376,46821,497,445,942,12.5,14694.4921875,2.1168539325842697
bba44f8e5b,F00279,52751,551,52751,53302,0,551,551,13.45,14694.4921875,1.0
bba44f8e5b,F00280,52751,392,52751,53143,0,392,392,30.099999999999998,14694.4921875,1.0
bba44f8e5b,F00281,52751,563,52751,53314,0,563,563,5.9,14694.4921875,1.0
bba44f8e5b,F00282,52751,358,52751,53109,0,358,358,5.0,14694.4921875,1.0
bba44f8e5b,F00283,52751,247,52751,52998,0,247,247,12.85,14694.4921875,1.0
bba44f8e5b,F00284,52751,198,52751,52949,0,198,198,5.25,14694.4921875,1.0
bba44f8e5b,F00285,52751,199,52751,52950,0,199,199,5.25,14694.4921875,1.0
bba44f8e5b,F00286,52751,487,52751,53238,0,487,487,5.25,14694.4921875,1.0
bba44f8e5b,F00287,52751,370,52751,53121,0,370,370,5.25,14694.4921875,1.0
bba44f8e5b,F00288,52751,331,52751,53082,0,331,331,3.85,14694.4921875,1.0
bba44f8e5b,F00289,52751,366,52751,53117,0,366,366,3.35,14694.25390625,1.0
bba44f8e5b,F00290,52751,360,52751,53111,0,360,360,42.85,14693.625,1.0
bba44f8e5b,F00291,52751,389,52751,53140,0,389,389,3.35,14694.109375,1.0
bba44f8e5b,F00292,52751,592,52751,53343,0,592,592,14.3,14693.546875,1.0
bba44f8e5b,F00293,52751,523,52751,53274,0,523,523,13.65,14693.546875,1.0
bba44f8e5b,F00294,52751,177,52751,52928,0,177,177,14.3,14693.546875,1.0
bba44f8e5b,F00295,52751,494,52751,53245,0,494,494,13.65,14693.546875,1.0
bba44f8e5b,F00296,52751,484,52751,53235,0,484,484,15.8,14693.546875,1.0
bba44f8e5b,F00297,52751,480,52751,53231,0,480,480,14.3,14693.546875,1.0
bba44f8e5b,F00298,52751,200,52751,52951,0,200,200,15.0,14693.546875,1.0
bba44f8e5b,F00299,52751,181,52751,52932,0,181,181,15.0,14693.546875,1.0
bba44f8e5b,F00300,52751,356,52928,53284,177,356,533,15.0,14693.4609375,1.497191011235955
bba44f8e5b,F00301,52751,522,52928,53450,177,522,699,65.0,14693.4609375,1.339080459770115
bba44f8e5b,F00302,52751,323,52928,53251,177,323,500,15.0,14693.4609375,1.5479876160990713
bba44f8e5b,F00303,52751,559,52928,53487,177,559,736,11.2,14693.4609375,1.3166368515205724
bba44f8e5b,F00304,52751,591,52928,53519,177,591,768,15.0,14693.4609375,1.299492385786802
bba44f8e5b,F00305,52751,205,52932,53137,181,205,386,15.0,14693.4609375,1.8829268292682926
bba44f8e5b,F00306,52751,277,52932,53209,181,277,458,7.15,14693.4609375,1.6534296028880866
bba44f8e5b,F00307,52751,248,52932,53180,181,248,429,6.8,14693.4609375,1.7298387096774193
bba44f8e5b,F00308,52751,247,52951,53198,200,247,447,11.0,14693.4609375,1.8097165991902835
bba44f8e5b,F00309,52751,424,53137,53561,386,424,810,10.7,14693.4609375,1.9103773584905661
bba44f8e5b,F00310,52751,379,53137,53516,386,379,765,6.5,14693.4609375,2.0184696569920844
bba44f8e5b,F00311,56899,243,56899,57142,0,243,243,5.35,14693.4609375,1.0
bba44f8e5b,F00312,56899,292,56899,57191,0,292,292,5.55,14693.4609375,1.0
bba44f8e5b,F00313,56899,386,56899,57285,0,386,386,16.65,14693.4609375,1.0
bba44f8e5b,F00314,56899,277,56899,57176,0,277,277,16.65,14693.4609375,1.0
bba44f8e5b,F00315,56899,597,56899,57496,0,597,597,10.0,14693.4609375,1.0
bba44f8e5b,F00316,56899,188,56899,57087,0,188,188,6.65,14693.4609375,1.0
bba44f8e5b,F00317,56899,376,56899,57275,0,376,376,6.65,14693.4609375,1.0
bba44f8e5b,F00318,56899,563,56899,57462,0,563,563,6.65,14693.4609375,1.0
bba44f8e5b,F00319,56899,591,56899,57490,0,591,591,6.65,14693.4609375,1.0
bba44f8e5b,F00320,56899,588,57087,57675,188,588,776,6.65,14693.4609375,1.3197278911564625
bba44f8e5b,F00321,56899,431,57087,57518,188,431,619,8.35,14693.4609375,1.4361948955916473
bba44f8e5b,F00322,56899,200,57087,57287,188,200,388,6.65,14693.4609375,1.94
bba44f8e5b,F00323,56899,175,57087,57262,188,175,363,4.35,14693.4609375,2.0742857142857143
bba44f8e5b,F00324,56899,483,57087,57570,188,483,671,5.45,14693.4609375,1.3892339544513457
bba44f8e5b,F00325,56899,426,57087,57513,188,426,614,4.0,14693.4609375,1.4413145539906103
bba44f8e5b,F00326,56899,578,57262,57840,363,578,941,5.0,14693.4609375,1.6280276816608996
bba44f8e5b,F00327,56899,157,57262,57419,363,157,520,33.55,14693.4609375,3.3121019108280256
bba44f8e5b,F00328,56899,197,57262,57459,363,197,560,9.4,14693.4609375,2.8426395939086295
bba44f8e5b,F00329,56899,535,57262,57797,363,535,898,11.1,14693.4609375,1.6785046728971962
bba44f8e5b,F00330,56899,584,57262,57846,363,584,947,11.1,14693.4609375,1.6215753424657535
bba44f8e5b,F00331,56899,271,57287,57558,388,271,659,11.1,14693.4609375,2.4317343173431736
bba44f8e5b,F00332,56899,235,57287,57522,388,235,623,11.1,14693.4609375,2.651063829787234
bba44f8e5b,F00333,56899,358,57419,57777,520,358,878,11.1,14693.4609375,2.452513966480447
bba44f8e5b,F00334,56899,398,57419,57817,520,398,918,11.1,14693.4609375,2.306532663316583
bba44f8e5b,F00335,56899,396,57459,57855,560,396,956,5.55,14692.61328125,2.414141414141414
bba44f8e5b,F00336,56899,259,57522,57781,623,259,882,5.55,14693.16796875,3.4054054054054053
bba44f8e5b,F00337,56899,592,57522,58114,623,592,1215,5.55,14693.08203125,2.052364864864865
bba44f8e5b,F00338,56899,355,57522,57877,623,355,978,7.4,14692.20703125,2.7549295774647886
bba44f8e5b,F00339,56899,180,57522,57702,623,180,803,26.75,14692.20703125,4.461111111111111
bba44f8e5b,F00340,56899,234,57522,57756,623,234,857,10.95,14692.20703125,3.6623931623931623
bba44f8e5b,F00341,56899,344,57522,57866,623,344,967,25.9,14692.20703125,2.811046511627907
bba44f8e5b,F00342,56899,151,57522,57673,623,151,774,10.6,14692.20703125,5.125827814569536
bba44f8e5b,F00343,56899,349,57522,57871,623,349,972,5.75,14692.20703125,2.7851002865329515
bba44f8e5b,F00344,56899,285,57522,57807,623,285,908,5.75,14692.20703125,3.185964912280702
bba44f8e5b,F00345,56899,551,57522,58073,623,551,1174,5.55,14692.20703125,2.130671506352087
bba44f8e5b,F00346,56899,551,57522,58073,623,551,1174,5.55,14692.20703125,2.130671506352087
bba44f8e5b,F00347,56899,382,57522,57904,623,382,1005,5.55,14692.20703125,2.630890052356021
bba44f8e5b,F00348,56899,296,57522,57818,623,296,919,16.65,14692.20703125,3.10472972972973
bba44f8e5b,F00349,63364,229,63364,63593,0,229,229,7.15,14692.20703125,1.0
bba44f8e5b,F00350,63364,247,63364,63611,0,247,247,23.799999999999997,14692.20703125,1.0
bba44f8e5b,F00351,63364,301,63364,63665,0,301,301,2.5,14692.20703125,1.0
bba44f8e5b,F00352,63364,261,63364,63625,0,261,261,2.5,14692.20703125,1.0
bba44f8e5b,F00353,63364,179,63364,63543,0,179,179,2.5,14692.20703125,1.0
bba44f8e5b,F00354,63364,446,63364,63810,0,446,446,2.4,14692.20703125,1.0
bba44f8e5b,F00355,63364,526,63364,63890,0,526,526,2.4,14692.20703125,1.0
bba44f8e5b,F00356,63364,427,63364,63791,0,427,427,6.9,14692.20703125,1.0
bba44f8e5b,F00357,63364,181,63364,63545,0,181,181,2.4,14692.20703125,1.0
bba44f8e5b,F00358,63364,532,63543,64075,179,532,711,4.25,14692.20703125,1.336466165413534
bba44f8e5b,F00359,63364,310,63543,63853,179,310,489,6.9,14692.20703125,1.5774193548387097
bba44f8e5b,F00360,63364,179,63543,63722,179,179,358,1.6,14692.20703125,2.0
bba44f8e5b,F00361,63364,175,63543,63718,179,175,354,1.6,14692.20703125,2.0228571428571427
bba44f8e5b,F00362,63364,449,63543,63992,179,449,628,5.0,14692.20703125,1.398663697104677
bba44f8e5b,F00363,63364,394,63543,63937,179,394,573,24.849999999999998,14692.20703125,1.4543147208121827
bba44f8e5b,F00364,63364,407,63543,63950,179,407,586,6.25,14692.20703125,1.4398034398034398
bba44f8e5b,F00365,63364,586,63718,64304,354,586,940,9.5,14692.20703125,1.6040955631399318
bba44f8e5b,F00366,63364,421,63718,64139,354,421,775,8.95,14692.20703125,1.840855106888361
bba44f8e5b,F00367,63364,230,63718,63948,354,230,584,8.0,14692.20703125,2.5391304347826087
bba44f8e5b,F00368,63364,179,63718,63897,354,179,533,9.5,14692.20703125,2.977653631284916
bba44f8e5b,F00369,63364,410,63718,64128,354,410,764,10.0,14692.20703125,1.8634146341463416
bba44f8e5b,F00370,63364,191,63897,64088,533,191,724,9.1,14692.1796875,3.7905759162303663
bba44f8e5b,F00371,63364,585,63897,64482,533,585,1118,6.05,14692.1796875,1.9111111111111112
bba44f8e5b,F00372,63364,245,63897,64142,533,245,778,5.9,14692.1796875,3.1755102040816325
bba44f8e5b,F00373,63364,185,63897,64082,533,185,718,6.05,14692.1796875,3.881081081081081
bba44f8e5b,F00374,63364,454,63897,64351,533,454,987,6.05,14692.1796875,2.1740088105726874
bba44f8e5b,F00375,63364,184,63897,64081,533,184,717,30.549999999999997,14692.1796875,3.8967391304347827
bba44f8e5b,F00376,63364,495,63897,64392,533,495,1028,30.549999999999997,14692.1796875,2.076767676767677
bba44f8e5b,F00377,63364,591,63897,64488,533,591,1124,12.05,14692.1796875,1.9018612521150593
bba44f8e5b,F00378,63364,270,64081,64351,717,270,987,12.05,14692.1796875,3.6555555555555554
bba44f8e5b,F00379,63364,356,64081,64437,717,356,1073,7.5,14692.1796875,3.014044943820225
bba44f8e5b,F00380,63364,211,64081,64292,717,211,928,7.5,14692.1796875,4.398104265402844
bba44f8e5b,F00381,63364,441,64081,64522,717,441,1158,6.8,14692.1796875,2.6258503401360542
bba44f8e5b,F00382,63364,276,64082,64358,718,276,994,7.15,14692.1796875,3.601449275362319
bba44f8e5b,F00383,63364,446,64082,64528,718,446,1164,7.9,14692.1796875,2.609865470852018
bba44f8e5b,F00384,63364,454,64082,64536,718,454,1172,7.9,14692.1796875,2.5814977973568283
bba44f8e5b,F00385,63364,170,64082,64252,718,170,888,7.9,14692.1796875,5.223529411764706
bba44f8e5b,F00386,63364,467,64252,64719,888,467,1355,4.7,14692.1796875,2.9014989293361886
bba44f8e5b,F00387,63364,191,64252,64443,888,191,1079,4.7,14692.1796875,5.649214659685864
bba44f8e5b,F00388,63364,364,64252,64616,888,364,1252,7.9,14692.1796875,3.4395604395604398
bba44f8e5b,F00389,71145,283,71145,71428,0,283,283,7.7,14692.1796875,1.0
bba44f8e5b,F00390,71145,254,71145,71399,0,254,254,7.5,14692.1796875,1.0
bba44f8e5b,F00391,71145,492,71145,71637,0,492,492,11.55,14692.1796875,1.0
bba44f8e5b,F00392,71145,516,71145,71661,0,516,516,7.9,14692.1796875,1.0
bba44f8e5b,F00393,71145,310,71145,71455,0,310,310,11.1,14692.1796875,1.0
bba44f8e5b,F00394,71145,272,71145,71417,0,272,272,5.15,14692.15625,1.0
bba44f8e5b,F00395,71145,285,71145,71430,0,285,285,5.35,14692.1796875,1.0
bba44f8e5b,F00396,71145,352,71145,71497,0,352,352,5.35,14692.15625,1.0
bba44f8e5b,F00397,71145,217,71145,71362,0,217,217,8.35,14692.15625,1.0
bba44f8e5b,F00398,71145,493,71145,71638,0,493,493,5.35,14692.15625,1.0
bba44f8e5b,F00399,71145,480,71145,71625,0,480,480,12.5,14692.15625,1.0
bba44f8e5b,F00400,71145,303,71145,71448,0,303,303,12.5,14692.15625,1.0
bba44f8e5b,F00401,71145,384,71145,71529,0,384,384,12.5,14692.15625,1.0
bba44f8e5b,F00402,71145,311,71145,71456,0,311,311,8.8,14692.15625,1.0
bba44f8e5b,F00403,71145,534,71362,71896,217,534,751,8.35,14692.15625,1.4063670411985019
bba44f8e5b,F00404,71145,187,71362,71549,217,187,404,12.0,14692.15625,2.160427807486631
bba44f8e5b,F00405,71145,154,71362,71516,217,154,371,7.3,14692.21875,2.409090909090909
bba44f8e5b,F00406,71145,384,71448,71832,303,384,687,4.4,14692.21875,1.7890625
bba44f8e5b,F00407,71145,468,71448,71916,303,468,771,4.4,14692.1015625,1.6474358974358974
bba44f8e5b,F00408,71145,438,71448,71886,303,438,741,4.55,14692.1015625,1.6917808219178083
bba44f8e5b,F00409,71145,201,71448,71649,303,201,504,15.6,14692.1015625,2.5074626865671643
bba44f8e5b,F00410,71145,187,71448,71635,303,187,490,15.6,14692.1015625,2.620320855614973
bba44f8e5b,F00411,71145,425,71448,71873,303,425,728,15.6,14692.1015625,1.7129411764705882
bba44f8e5b,F00412,71145,259,71516,71775,371,259,630,11.9,14692.1015625,2.4324324324324325
bba44f8e5b,F00413,71145,409,71516,71925,371,409,780,13.45,14692.1015625,1.9070904645476772
bba44f8e5b,F00414,71145,285,71635,71920,490,285,775,15.6,14692.1015625,2.719298245614035
bba44f8e5b,F00415,71145,217,71635,71852,490,217,707,10.3,14692.1015625,3.2580645161290325
bba44f8e5b,F00416,71145,328,71635,71963,490,328,818,10.3,14692.1015625,2.4939024390243905
bba44f8e5b,F00417,71145,185,71635,71820,490,185,675,14.3,14692.1015625,3.6486486486486487
bba44f8e5b,F00418,71145,600,71635,72235,490,600,1090,14.65,14692.1015625,1.8166666666666667
bba44f8e5b,F00419,71145,275,71635,71910,490,275,765,12.2,14692.1015625,2.7818181818181817
bba44f8e5b,F00420,71145,339,71635,71974,490,339,829,21.45,14692.1015625,2.4454277286135695
bba44f8e5b,F00421,71145,295,71635,71930,490,295,785,14.65,14692.1015625,2.6610169491525424
bba44f8e5b,F00422,71145,230,71820,72050,675,230,905,23.1,14692.1015625,3.9347826086956523
bba44f8e5b,F00423,71145,374,71820,72194,675,374,1049,21.45,14692.1015625,2.804812834224599
bba44f8e5b,F00424,78595,463,78595,79058,0,463,463,8.05,14691.6953125,1.0
bba44f8e5b,F00425,78595,563,78595,79158,0,563,563,8.05,14689.99609375,1.0
bba44f8e5b,F00426,78595,484,78595,79079,0,484,484,15.0,14689.99609375,1.0
bba44f8e5b,F00427,78595,420,78595,79015,0,420,420,20.3,14689.99609375,1.0
bba44f8e5b,F00428,78595,154,78595,78749,0,154,154,20.3,14689.99609375,1.0
bba44f8e5b,F00429,78595,491,78595,79086,0,491,491,15.5,14689.99609375,1.0
bba44f8e5b,F00430,78595,568,78595,79163,0,568,568,11.45,14689.99609375,1.0
bba44f8e5b,F00431,78595,433,78595,79028,0,433,433,12.1,14689.99609375,1.0
bba44f8e5b,F00432,78595,303,78595,78898,0,303,303,15.1,14689.99609375,1.0
bba44f8e5b,F00433,78595,489,78595,79084,0,489,489,11.45,14689.99609375,1.0
bba44f8e5b,F00434,78595,203,78595,78798,0,203,203,47.1,14689.99609375,1.0
bba44f8e5b,F00435,78595,599,78595,79194,0,599,599,19.25,14689.99609375,1.0
bba44f8e5b,F00436,78595,218,78798,79016,203,218,421,12.5,14689.99609375,1.9311926605504588
bba44f8e5b,F00437,78595,285,78798,79083,203,285,488,24.2,14689.99609375,1.712280701754386
bba44f8e5b,F00438,78595,209,78798,79007,203,209,412,22.75,14689.99609375,1.9712918660287082
bba44f8e5b,F00439,78595,204,78798,79002,203,204,407,22.75,14689.99609375,1.9950980392156863
bba44f8e5b,F00440,78595,530,78798,79328,203,530,733,15.4,14689.99609375,1.3830188679245283
bba44f8e5b,F00441,78595,433,78798,79231,203,433,636,15.6,14689.99609375,1.4688221709006928
bba44f8e5b,F00442,78595,229,78798,79027,203,229,432,14.6,14689.99609375,1.8864628820960698
bba44f8e5b,F00443,78595,289,78798,79087,203,289,492,43.75,14689.99609375,1.7024221453287198
bba44f8e5b,F00444,78595,294,78798,79092,203,294,497,32.75,14689.99609375,1.6904761904761905
bba44f8e5b,F00445,78595,459,78798,79257,203,459,662,17.25,14689.99609375,1.4422657952069717
bba44f8e5b,F00446,78595,257,79007,79264,412,257,669,6.8,14689.99609375,2.603112840466926
bba44f8e5b,F00447,78595,517,79007,79524,412,517,929,15.6,14689.99609375,1.7969052224371374
bba44f8e5b,F00448,78595,325,79087,79412,492,325,817,15.15,14689.99609375,2.513846153846154
bba44f8e5b,F00449,78595,254,79087,79341,492,254,746,15.15,14689.99609375,2.937007874015748
bba44f8e5b,F00450,78595,501,79092,79593,497,501,998,16.65,14689.99609375,1.9920159680638723
bba44f8e5b,F00451,78595,474,79092,79566,497,474,971,6.5,14689.99609375,2.048523206751055
bba44f8e5b,F00452,78595,586,79092,79678,497,586,1083,16.15,14689.99609375,1.848122866894198
bba44f8e5b,F00453,78595,285,79092,79377,497,285,782,16.15,14689.99609375,2.743859649122807
bba44f8e5b,F00454,78595,408,79092,79500,497,408,905,16.35,14689.9765625,2.218137254901961
bba44f8e5b,F00455,78595,400,79231,79631,636,400,1036,11.9,14689.9765625,2.59
bba44f8e5b,F00456,78595,278,79231,79509,636,278,914,12.8,14689.9765625,3.287769784172662
bba44f8e5b,F00457,78595,583,79264,79847,669,583,1252,11.3,14689.9765625,2.1475128644939967
bba44f8e5b,F00458,82011,474,82011,82485,0,474,474,12.5,14689.9765625,1.0
bba44f8e5b,F00459,82011,366,82011,82377,0,366,366,43.55,14689.9765625,1.0
bba44f8e5b,F00460,82011,574,82011,82585,0,574,574,11.3,14689.9765625,1.0
bba44f8e5b,F00461,82011,291,82011,82302,0,291,291,37.5,14689.9765625,1.0
bba44f8e5b,F00462,82011,172,82011,82183,0,172,172,21.2,14689.9765625,1.0
bba44f8e5b,F00463,82011,151,82011,82162,0,151,151,21.2,14689.9765625,1.0
bba44f8e5b,F00464,82011,320,82011,82331,0,320,320,18.4,14689.9765625,1.0
bba44f8e5b,F00465,82011,544,82011,82555,0,544,544,12.5,14689.9765625,1.0
bba44f8e5b,F00466,82011,216,82011,82227,0,216,216,17.5,14689.9765625,1.0
bba44f8e5b,F00467,82011,476,82011,82487,0,476,476,19.45,14689.9765625,1.0
bba44f8e5b,F00468,82011,284,82011,82295,0,284,284,44.45,14689.9765625,1.0
bba44f8e5b,F00469,82011,232,82011,82243,0,232,232,41.65,14689.9765625,1.0
bba44f8e5b,F00470,82011,529,82011,82540,0,529,529,18.35,14689.9765625,1.0
bba44f8e5b,F00471,82011,376,82011,82387,0,376,376,15.15,14689.9765625,1.0
bba44f8e5b,F00472,82011,432,82011,82443,0,432,432,9.1,14689.9765625,1.0
bba44f8e5b,F00473,82011,511,82227,82738,216,511,727,14.05,14689.9765625,1.4227005870841487
bba44f8e5b,F00474,82011,368,82227,82595,216,368,584,12.5,14689.9765625,1.5869565217391304
bba44f8e5b,F00475,82011,437,82295,82732,284,437,721,27.0,14689.9765625,1.6498855835240274
bba44f8e5b,F00476,82011,154,82295,82449,284,154,438,12.1,14689.9765625,2.844155844155844
bba44f8e5b,F00477,82011,207,82387,82594,376,207,583,14.4,14689.9765625,2.816425120772947
bba44f8e5b,F00478,82011,188,82387,82575,376,188,564,11.75,14689.9765625,3.0
bba44f8e5b,F00479,82011,503,82387,82890,376,503,879,14.15,14689.9765625,1.7475149105367793
bba44f8e5b,F00480,82011,226,82443,82669,432,226,658,8.0,14689.96875,2.911504424778761
bba44f8e5b,F00481,82011,429,82443,82872,432,429,861,9.1,14689.96875,2.006993006993007
bba44f8e5b,F00482,82011,168,82443,82611,432,168,600,9.3,14689.9609375,3.5714285714285716
bba44f8e5b,F00483,82011,577,82443,83020,432,577,1009,5.7,14689.9609375,1.7487001733102252
bba44f8e5b,F00484,82011,339,82449,82788,438,339,777,9.1,14689.96875,2.2920353982300883
bba44f8e5b,F00485,89782,370,89782,90152,0,370,370,7.15,14689.9609375,1.0
bba44f8e5b,F00486,89782,215,89782,89997,0,215,215,5.7,14689.9609375,1.0
bba44f8e5b,F00487,89782,171,89782,89953,0,171,171,7.15,14689.9609375,1.0
bba44f8e5b,F00488,89782,307,89782,90089,0,307,307,15.6,14689.9609375,1.0
bba44f8e5b,F00489,89782,336,89782,90118,0,336,336,15.6,14689.9609375,1.0
bba44f8e5b,F00490,89782,557,89782,90339,0,557,557,13.05,14689.9453125,1.0
bba44f8e5b,F00491,89782,590,89782,90372,0,590,590,13.05,14689.9453125,1.0
bba44f8e5b,F00492,89782,170,89782,89952,0,170,170,15.6,14689.9453125,1.0
bba44f8e5b,F00493,89782,333,89782,90115,0,333,333,13.9,14689.9453125,1.0
bba44f8e5b,F00494,89782,257,89782,90039,0,257,257,66.65,14689.9453125,1.0
bba44f8e5b,F00495,89782,499,89782,90281,0,499,499,19.25,14689.9453125,1.0
bba44f8e5b,F00496,89782,277,89952,90229,170,277,447,16.65,14689.9453125,1.6137184115523466
bba44f8e5b,F00497,89782,491,89952,90443,170,491,661,16.65,14689.9453125,1.3462321792260692
bba44f8e5b,F00498,89782,202,89952,90154,170,202,372,16.65,14689.9453125,1.8415841584158417
bba44f8e5b,F00499,89782,331,89952,90283,170,331,501,12.5,14689.9453125,1.513595166163142
bba44f8e5b,F00500,89782,549,90039,90588,257,549,806,16.65,14689.9453125,1.4681238615664844
bba44f8e5b,F00501,89782,436,90154,90590,372,436,808,10.7,14689.9453125,1.853211009174312
bba44f8e5b,F00502,89782,597,90154,90751,372,597,969,12.95,14689.9453125,1.6231155778894473
bba44f8e5b,F00503,89782,358,90154,90512,372,358,730,10.0,14689.9453125,2.0391061452513966
bba44f8e5b,F00504,89782,467,90154,90621,372,467,839,11.9,14689.9453125,1.7965738758029979
bba44f8e5b,F00505,89782,533,90154,90687,372,533,905,9.0,14689.9453125,1.697936210131332
bba44f8e5b,F00506,89782,229,90154,90383,372,229,601,9.0,14689.9453125,2.6244541484716155
bba44f8e5b,F00507,89782,271,90154,90425,372,271,643,11.9,14689.9453125,2.3726937269372694
bba44f8e5b,F00508,89782,592,90154,90746,372,592,964,7.3,14689.9453125,1.6283783783783783
bba44f8e5b,F00509,89782,233,90283,90516,501,233,734,34.55,14689.9453125,3.1502145922746783
bba44f8e5b,F00510,89782,559,90383,90942,601,559,1160,10.85,14689.9453125,2.075134168157424
bba44f8e5b,F00511,89782,565,90383,90948,601,565,1166,10.2,14689.9453125,2.063716814159292
bba44f8e5b,F00512,89782,240,90383,90623,601,240,841,10.65,14689.9453125,3.504166666666667
bba44f8e5b,F00513,89782,361,90383,90744,601,361,962,10.0,14689.9453125,2.664819944598338
bba44f8e5b,F00514,92985,527,92985,93512,0,527,527,10.45,14689.9453125,1.0
bba44f8e5b,F00515,92985,320,92985,93305,0,320,320,11.35,14689.9453125,1.0
bba44f8e5b,F00516,92985,550,92985,93535,0,550,550,10.0,14689.9453125,1.0
bba44f8e5b,F00517,92985,360,92985,93345,0,360,360,37.8,14689.9453125,1.0
bba44f8e5b,F00518,92985,560,92985,93545,0,560,560,13.5,14689.9296875,1.0
bba44f8e5b,F00519,92985,492,92985,93477,0,492,492,15.6,14689.9296875,1.0
bba44f8e5b,F00520,92985,592,92985,93577,0,592,592,14.3,14689.97265625,1.0
bba44f8e5b,F00521,92985,526,92985,93511,0,526,526,15.6,14689.9296875,1.0
bba44f8e5b,F00522,92985,565,92985,93550,0,565,565,15.6,14689.97265625,1.0
bba44f8e5b,F00523,92985,277,93305,93582,320,277,597,15.6,14689.97265625,2.155234657039711
bba44f8e5b,F00524,92985,286,93305,93591,320,286,606,33.45,14689.97265625,2.1188811188811187
bba44f8e5b,F00525,92985,231,93305,93536,320,231,551,25.0,14689.97265625,2.3852813852813854
bba44f8e5b,F00526,92985,553,93345,93898,360,553,913,14.3,14689.97265625,1.650994575045208
bba44f8e5b,F00527,92985,509,93511,94020,526,509,1035,7.85,14689.97265625,2.0333988212180745
bba44f8e5b,F00528,92985,205,93511,93716,526,205,731,8.9,14689.92578125,3.5658536585365854
bba44f8e5b,F00529,92985,345,93511,93856,526,345,871,3.95,14689.92578125,2.52463768115942
bba44f8e5b,F00530,92985,596,93511,94107,526,596,1122,29.7,14689.92578125,1.8825503355704698
bba44f8e5b,F00531,92985,169,93511,93680,526,169,695,35.45,14689.92578125,4.112426035502959
bba44f8e5b,F00532,92985,589,93511,94100,526,589,1115,13.65,14689.92578125,1.8930390492359932
bba44f8e5b,F00533,92985,390,93550,93940,565,390,955,12.3,14689.92578125,2.448717948717949
bba44f8e5b,F00534,92985,263,93550,93813,565,263,828,13.35,14689.92578125,3.1482889733840302
bba44f8e5b,F00535,92985,252,93550,93802,565,252,817,10.6,14689.92578125,3.242063492063492
bba44f8e5b,F00536,92985,568,93550,94118,565,568,1133,10.0,14689.92578125,1.994718309859155
bba44f8e5b,F00537,92985,385,93550,93935,565,385,950,10.6,14689.92578125,2.4675324675324677
bba44f8e5b,F00538,92985,329,93550,93879,565,329,894,11.95,14689.625,2.717325227963526
bba44f8e5b,F00539,92985,306,93550,93856,565,306,871,9.5,14689.546875,2.84640522875817
bba44f8e5b,F00540,92985,570,93802,94372,817,570,1387,12.5,14689.546875,2.433333333333333
bba44f8e5b,F00541,92985,557,93802,94359,817,557,1374,12.7,14689.546875,2.466786355475763
bba44f8e5b,F00542,92985,596,93802,94398,817,596,1413,12.5,14689.546875,2.370805369127517
bba44f8e5b,F00543,92985,266,93802,94068,817,266,1083,17.05,14689.546875,4.071428571428571
bba44f8e5b,F00544,97811,487,97811,98298,0,487,487,12.95,14689.546875,1.0
bba44f8e5b,F00545,97811,248,97811,98059,0,248,248,18.75,14689.546875,1.0
bba44f8e5b,F00546,97811,354,97811,98165,0,354,354,22.6,14689.546875,1.0
bba44f8e5b,F00547,97811,318,97811,98129,0,318,318,24.15,14689.546875,1.0
bba44f8e5b,F00548,97811,292,97811,98103,0,292,292,17.5,14689.546875,1.0
bba44f8e5b,F00549,97811,592,98103,98695,292,592,884,52.5,14689.41796875,1.4932432432432432
bba44f8e5b,F00550,97811,185,98103,98288,292,185,477,19.45,14689.48046875,2.5783783783783782
bba44f8e5b,F00551,97811,545,98103,98648,292,545,837,20.6,14689.48046875,1.5357798165137615
bba44f8e5b,F00552,97811,292,98103,98395,292,292,584,19.45,14689.48046875,2.0
bba44f8e5b,F00553,97811,329,98103,98432,292,329,621,17.5,14689.48046875,1.8875379939209727
bba44f8e5b,F00554,97811,478,98103,98581,292,478,770,17.6,14689.48046875,1.610878661087866
bba44f8e5b,F00555,97811,410,98103,98513,292,410,702,16.35,14689.48046875,1.7121951219512195
bba44f8e5b,F00556,97811,354,98103,98457,292,354,646,16.35,14689.48046875,1.8248587570621468
bba44f8e5b,F00557,97811,497,98103,98600,292,497,789,16.65,14689.48046875,1.5875251509054327
bba44f8e5b,F00558,97811,581,98103,98684,292,581,873,30.85,14689.48046875,1.5025817555938037
bba44f8e5b,F00559,97811,424,98103,98527,292,424,716,16.5,14689.48046875,1.6886792452830188
bba44f8e5b,F00560,97811,319,98103,98422,292,319,611,32.25,14689.48046875,1.915360501567398
bba44f8e5b,F00561,97811,164,98288,98452,477,164,641,16.35,14689.48046875,3.908536585365854
bba44f8e5b,F00562,97811,209,98288,98497,477,209,686,12.5,14689.48046875,3.2822966507177034
bba44f8e5b,F00563,97811,599,98288,98887,477,599,1076,13.75,14689.48046875,1.7963272120200333
bba44f8e5b,F00564,97811,283,98422,98705,611,283,894,40.65,14689.48046875,3.1590106007067136
bba44f8e5b,F00565,97811,241,98432,98673,621,241,862,13.4,14689.48046875,3.5767634854771786
bba44f8e5b,F00566,97811,447,98432,98879,621,447,1068,11.0,14689.48046875,2.389261744966443
bba44f8e5b,F00567,97811,285,98432,98717,621,285,906,13.75,14689.48046875,3.1789473684210527
bba44f8e5b,F00568,97811,169,98432,98601,621,169,790,13.75,14689.48046875,4.674556213017752
bba44f8e5b,F00569,101699,326,101699,102025,0,326,326,18.5,14689.48046875,1.0
bba44f8e5b,F00570,101699,523,101699,102222,0,523,523,18.75,14689.48046875,1.0
bba44f8e5b,F00571,101699,552,101699,102251,0,552,552,18.75,14689.48046875,1.0
bba44f8e5b,F00572,101699,310,101699,102009,0,310,310,18.75,14689.48046875,1.0
bba44f8e5b,F00573,101699,373,101699,102072,0,373,373,16.65,14689.48046875,1.0
bba44f8e5b,F00574,101699,460,101699,102159,0,460,460,18.75,14689.48046875,1.0
bba44f8e5b,F00575,101699,411,101699,102110,0,411,411,18.4,14689.484375,1.0
bba44f8e5b,F00576,101699,209,101699,101908,0,209,209,18.75,14689.48046875,1.0
bba44f8e5b,F00577,101699,347,101699,102046,0,347,347,18.75,14689.48046875,1.0
bba44f8e5b,F00578,101699,445,101699,102144,0,445,445,16.65,14689.48046875,1.0
bba44f8e5b,F00579,101699,247,101699,101946,0,247,247,16.15,14689.484375,1.0
bba44f8e5b,F00580,101699,280,101699,101979,0,280,280,14.9,14689.484375,1.0
bba44f8e5b,F00581,101699,172,101699,101871,0,172,172,17.5,14689.484375,1.0
bba44f8e5b,F00582,101699,512,101871,102383,172,512,684,17.5,14689.484375,1.3359375
bba44f8e5b,F00583,101699,373,101871,102244,172,373,545,42.5,14689.05859375,1.4611260053619304
bba44f8e5b,F00584,101699,150,101871,102021,172,150,322,16.65,14689.05859375,2.1466666666666665
bba44f8e5b,F00585,101699,416,102021,102437,322,416,738,47.15,14689.05859375,1.7740384615384615
bba44f8e5b,F00586,101699,562,102021,102583,322,562,884,17.8,14689.05859375,1.5729537366548043
bba44f8e5b,F00587,101699,425,102021,102446,322,425,747,17.5,14689.05859375,1.7576470588235293
bba44f8e5b,F00588,101699,501,102021,102522,322,501,823,18.75,14689.05859375,1.6427145708582835
bba44f8e5b,F00589,101699,518,102383,102901,684,518,1202,17.5,14689.05859375,2.3204633204633205
bba44f8e5b,F00590,101699,529,102383,102912,684,529,1213,17.5,14689.05859375,2.2930056710775046
bba44f8e5b,F00591,101699,527,102383,102910,684,527,1211,17.5,14689.05859375,2.2979127134724857
bba44f8e5b,F00592,101699,493,102383,102876,684,493,1177,16.3,14689.05859375,2.387423935091278
bba44f8e5b,F00593,101699,250,102383,102633,684,250,934,18.75,14689.05859375,3.736
bba44f8e5b,F00594,101699,336,102383,102719,684,336,1020,43.75,14689.05859375,3.0357142857142856
bba44f8e5b,F00595,101699,370,102383,102753,684,370,1054,19.45,14689.05859375,2.848648648648649
bba44f8e5b,F00596,101699,185,102437,102622,738,185,923,19.05,14689.05859375,4.989189189189189
bba44f8e5b,F00597,101699,490,102437,102927,738,490,1228,18.9,14689.05859375,2.5061224489795917
bba44f8e5b,F00598,101699,319,102437,102756,738,319,1057,20.0,14689.05859375,3.3134796238244513
bba44f8e5b,F00599,101699,469,102437,102906,738,469,1207,17.5,14689.05859375,2.5735607675906182
bba44f8e5b,F00600,101699,310,102437,102747,738,310,1048,18.35,14689.05859375,3.3806451612903228
bba44f8e5b,F00601,101699,489,102522,103011,823,489,1312,57.900000000000006,14689.05859375,2.6830265848670756
bba44f8e5b,F00602,101699,584,102633,103217,934,584,1518,18.3,14689.0234375,2.5993150684931505
bba44f8e5b,F00603,101699,213,102633,102846,934,213,1147,18.3,14690.3359375,5.384976525821596
bba44f8e5b,F00604,101699,518,102846,103364,1147,518,1665,18.2,14690.3359375,3.2142857142857144
bba44f8e5b,F00605,101699,303,102846,103149,1147,303,1450,20.0,14690.3359375,4.785478547854786
bba44f8e5b,F00606,101699,409,102846,103255,1147,409,1556,18.1,14688.91796875,3.80440097799511
bba44f8e5b,F00607,107232,317,107232,107549,0,317,317,18.1,14688.91796875,1.0
bba44f8e5b,F00608,107232,356,107232,107588,0,356,356,18.1,14688.91796875,1.0
bba44f8e5b,F00609,107232,506,107232,107738,0,506,506,19.65,14688.91796875,1.0
bba44f8e5b,F00610,107232,301,107232,107533,0,301,301,20.75,14688.6953125,1.0
bba44f8e5b,F00611,107232,433,107232,107665,0,433,433,19.65,14688.69140625,1.0
bba44f8e5b,F00612,107232,215,107232,107447,0,215,215,20.35,14686.30078125,1.0
bba44f8e5b,F00613,107232,248,107232,107480,0,248,248,21.25,14685.34765625,1.0
bba44f8e5b,F00614,107232,365,107232,107597,0,365,365,22.2,14685.34765625,1.0
bba44f8e5b,F00615,107232,490,107232,107722,0,490,490,22.2,14685.34765625,1.0
bba44f8e5b,F00616,107232,344,107232,107576,0,344,344,15.4,14685.34765625,1.0
bba44f8e5b,F00617,107232,496,107232,107728,0,496,496,20.0,14685.34765625,1.0
bba44f8e5b,F00618,107232,533,107232,107765,0,533,533,19.15,14685.34765625,1.0
bba44f8e5b,F00619,107232,239,107447,107686,215,239,454,44.75,14685.34765625,1.899581589958159
bba44f8e5b,F00620,107232,465,107447,107912,215,465,680,20.0,14685.34765625,1.4623655913978495
bba44f8e5b,F00621,107232,441,107447,107888,215,441,656,42.5,14685.34765625,1.4875283446712018
bba44f8e5b,F00622,107232,304,107447,107751,215,304,519,16.25,14685.34765625,1.707236842105263
bba44f8e5b,F00623,107232,357,107480,107837,248,357,605,16.25,14685.34765625,1.6946778711484594
bba44f8e5b,F00624,107232,430,107480,107910,248,430,678,16.25,14685.34765625,1.5767441860465117
bba44f8e5b,F00625,107232,576,107480,108056,248,576,824,11.1,14685.34765625,1.4305555555555556
bba44f8e5b,F00626,107232,150,107533,107683,301,150,451,18.55,14685.34765625,3.006666666666667
bba44f8e5b,F00627,107232,305,107576,107881,344,305,649,18.2,14685.328125,2.1278688524590166
bba44f8e5b,F00628,107232,296,107576,107872,344,296,640,18.55,14685.34765625,2.1621621621621623
bba44f8e5b,F00629,107232,257,107576,107833,344,257,601,18.55,14685.328125,2.3385214007782102
bba44f8e5b,F00630,107232,370,107683,108053,451,370,821,18.55,14685.328125,2.218918918918919
bba44f8e5b,F00631,107232,552,107683,108235,451,552,1003,18.2,14685.328125,1.8170289855072463
bba44f8e5b,F00632,107232,446,107683,108129,451,446,897,19.65,14685.2890625,2.0112107623318387
bba44f8e5b,F00633,107232,460,107683,108143,451,460,911,17.45,14685.3515625,1.9804347826086957
bba44f8e5b,F00634,107232,485,107683,108168,451,485,936,22.2,14685.3984375,1.9298969072164949
bba44f8e5b,F00635,107232,314,107683,107997,451,314,765,17.8,14685.3515625,2.4363057324840764
bba44f8e5b,F00636,107232,388,107833,108221,601,388,989,22.2,14685.3984375,2.5489690721649483
bba44f8e5b,F00637,107232,376,107881,108257,649,376,1025,22.2,14685.35546875,2.726063829787234
bba44f8e5b,F00638,107232,376,107881,108257,649,376,1025,22.2,14685.35546875,2.726063829787234
bba44f8e5b,F00639,107232,495,107881,108376,649,495,1144,18.2,14685.35546875,2.311111111111111
bba44f8e5b,F00640,107232,259,107881,108140,649,259,908,18.0,14685.41796875,3.505791505791506
bba44f8e5b,F00641,107232,411,107881,108292,649,411,1060,19.65,14685.41796875,2.579075425790754
bba44f8e5b,F00642,107232,392,107881,108273,649,392,1041,21.6,14685.36328125,2.6556122448979593
bba44f8e5b,F00643,107232,556,107881,108437,649,556,1205,21.6,14685.36328125,2.16726618705036
bba44f8e5b,F00644,107232,557,107881,108438,649,557,1206,18.75,14685.4140625,2.165170556552962
bba44f8e5b,F00645,111622,295,111622,111917,0,295,295,17.5,14685.4765625,1.0
bba44f8e5b,F00646,111622,413,111622,112035,0,413,413,19.05,14685.44140625,1.0
bba44f8e5b,F00647,111622,489,111622,112111,0,489,489,16.65,14685.44140625,1.0
bba44f8e5b,F00648,111622,474,111622,112096,0,474,474,21.9,14685.44140625,1.0
bba44f8e5b,F00649,111622,467,111622,112089,0,467,467,18.4,14685.44140625,1.0
bba44f8e5b,F00650,111622,321,111622,111943,0,321,321,19.5,14685.44140625,1.0
bba44f8e5b,F00651,111622,197,111622,111819,0,197,197,18.4,14685.44140625,1.0
bba44f8e5b,F00652,111622,569,111622,112191,0,569,569,17.05,14685.50390625,1.0
bba44f8e5b,F00653,111622,534,111622,112156,0,534,534,50.400000000000006,14685.50390625,1.0
bba44f8e5b,F00654,111622,270,111622,111892,0,270,270,20.6,14685.44140625,1.0
bba44f8e5b,F00655,111622,494,111622,112116,0,494,494,55.2,14685.47265625,1.0
bba44f8e5b,F00656,111622,308,111622,111930,0,308,308,52.95,14685.47265625,1.0
bba44f8e5b,F00657,111622,265,111622,111887,0,265,265,19.4,14685.53515625,1.0
bba44f8e5b,F00658,111622,562,111622,112184,0,562,562,20.0,14685.53515625,1.0
bba44f8e5b,F00659,111622,251,111622,111873,0,251,251,19.25,14685.4921875,1.0
bba44f8e5b,F00660,111622,225,111622,111847,0,225,225,48.150000000000006,14685.453125,1.0
bba44f8e5b,F00661,111622,162,111622,111784,0,162,162,64.8,14685.453125,1.0
bba44f8e5b,F00662,111622,173,111622,111795,0,173,173,19.5,14685.3984375,1.0
bba44f8e5b,F00663,111622,275,111622,111897,0,275,275,19.05,14685.3984375,1.0
bba44f8e5b,F00664,111622,393,111622,112015,0,393,393,18.6,14685.3984375,1.0
bba44f8e5b,F00665,111622,462,111622,112084,0,462,462,18.25,14685.3984375,1.0
bba44f8e5b,F00666,111622,585,111622,112207,0,585,585,12.9,14685.36328125,1.0
bba44f8e5b,F00667,111622,543,111784,112327,162,543,705,12.9,14685.36328125,1.298342541436464
bba44f8e5b,F00668,111622,187,111784,111971,162,187,349,18.1,14685.36328125,1.8663101604278074
bba44f8e5b,F00669,111622,383,111784,112167,162,383,545,15.1,14685.36328125,1.422976501305483
bba44f8e5b,F00670,111622,362,111784,112146,162,362,524,17.55,14685.36328125,1.4475138121546962
bba44f8e5b,F00671,111622,472,111784,112256,162,472,634,18.25,14685.36328125,1.3432203389830508
bba44f8e5b,F00672,119337,517,119337,119854,0,517,517,16.65,14685.36328125,1.0
bba44f8e5b,F00673,119337,506,119337,119843,0,506,506,10.4,14685.36328125,1.0
bba44f8e5b,F00674,119337,346,119337,119683,0,346,346,16.65,14685.36328125,1.0
bba44f8e5b,F00675,119337,403,119337,119740,0,403,403,46.9,14685.36328125,1.0
bba44f8e5b,F00676,119337,354,119337,119691,0,354,354,17.9,14685.36328125,1.0
bba44f8e5b,F00677,119337,274,119337,119611,0,274,274,22.2,14685.36328125,1.0
bba44f8e5b,F00678,119337,225,119337,119562,0,225,225,17.8,14685.36328125,1.0
bba44f8e5b,F00679,119337,485,119337,119822,0,485,485,21.05,14685.359375,1.0
bba44f8e5b,F00680,119337,502,119337,119839,0,502,502,21.05,14685.359375,1.0
bba44f8e5b,F00681,119337,152,119337,119489,0,152,152,20.5,14685.359375,1.0
bba44f8e5b,F00682,119337,534,119337,119871,0,534,534,26.2,14685.359375,1.0
bba44f8e5b,F00683,119337,590,119337,119927,0,590,590,48.3,14685.31640625,1.0
bba44f8e5b,F00684,119337,544,119337,119881,0,544,544,19.05,14685.31640625,1.0
bba44f8e5b,F00685,119337,204,119337,119541,0,204,204,10.4,14685.31640625,1.0
bba44f8e5b,F00686,119337,548,119337,119885,0,548,548,18.6,14685.31640625,1.0
bba44f8e5b,F00687,119337,367,119337,119704,0,367,367,10.0,14685.31640625,1.0
bba44f8e5b,F00688,119337,262,119337,119599,0,262,262,26.65,14685.31640625,1.0
bba44f8e5b,F00689,119337,240,119337,119577,0,240,240,18.85,14685.31640625,1.0
bba44f8e5b,F00690,119337,561,119337,119898,0,561,561,18.2,14685.31640625,1.0
bba44f8e5b,F00691,119337,506,119541,120047,204,506,710,12.15,14685.31640625,1.4031620553359683
bba44f8e5b,F00692,119337,415,119541,119956,204,415,619,16.85,14685.31640625,1.491566265060241
bba44f8e5b,F00693,119337,387,119541,119928,204,387,591,12.15,14685.31640625,1.5271317829457365
bba44f8e5b,F00694,119337,175,119541,119716,204,175,379,17.55,14685.31640625,2.165714285714286
bba44f8e5b,F00695,119337,435,119577,120012,240,435,675,10.25,14685.31640625,1.5517241379310345
bba44f8e5b,F00696,119337,277,119577,119854,240,277,517,10.25,14685.31640625,1.8664259927797835
bba44f8e5b,F00697,119337,584,119577,120161,240,584,824,39.1,14685.31640625,1.4109589041095891
bba44f8e5b,F00698,119337,212,119577,119789,240,212,452,10.7,14685.31640625,2.1320754716981134
bba44f8e5b,F00699,119337,383,119716,120099,379,383,762,13.65,14685.31640625,1.989556135770235
bba44f8e5b,F00700,119337,218,119716,119934,379,218,597,14.05,14685.31640625,2.738532110091743
bba44f8e5b,F00701,119337,560,119716,120276,379,560,939,11.0,14685.31640625,1.6767857142857143
bba44f8e5b,F00702,119337,387,119716,120103,379,387,766,10.7,14685.31640625,1.979328165374677
bba44f8e5b,F00703,126688,536,126688,127224,0,536,536,8.6,14685.31640625,1.0
bba44f8e5b,F00704,126688,376,126688,127064,0,376,376,10.75,14685.31640625,1.0
bba44f8e5b,F00705,126688,463,126688,127151,0,463,463,8.6,14685.31640625,1.0
bba44f8e5b,F00706,126688,567,126688,127255,0,567,567,31.099999999999998,14685.31640625,1.0
bba44f8e5b,F00707,126688,518,126688,127206,0,518,518,14.65,14685.31640625,1.0
bba44f8e5b,F00708,126688,408,126688,127096,0,408,408,14.65,14685.31640625,1.0
bba44f8e5b,F00709,126688,368,126688,127056,0,368,368,14.65,14685.31640625,1.0
bba44f8e5b,F00710,126688,575,126688,127263,0,575,575,18.2,14685.31640625,1.0
bba44f8e5b,F00711,126688,430,126688,127118,0,430,430,12.95,14685.31640625,1.0
bba44f8e5b,F00712,126688,378,126688,127066,0,378,378,14.0,14685.31640625,1.0
bba44f8e5b,F00713,126688,231,126688,126919,0,231,231,16.2,14685.31640625,1.0
bba44f8e5b,F00714,126688,530,126688,127218,0,530,530,20.0,14685.31640625,1.0
bba44f8e5b,F00715,126688,591,126688,127279,0,591,591,16.3,14685.31640625,1.0
bba44f8e5b,F00716,126688,393,126688,127081,0,393,393,16.65,14685.31640625,1.0
bba44f8e5b,F00717,126688,380,126919,127299,231,380,611,16.15,14685.31640625,1.6078947368421053
bba44f8e5b,F00718,126688,282,126919,127201,231,282,513,16.15,14685.31640625,1.8191489361702127
bba44f8e5b,F00719,126688,534,127081,127615,393,534,927,16.15,14685.31640625,1.7359550561797752
bba44f8e5b,F00720,126688,276,127081,127357,393,276,669,7.9,14685.31640625,2.4239130434782608
bba44f8e5b,F00721,126688,580,127081,127661,393,580,973,10.3,14685.31640625,1.6775862068965517
bba44f8e5b,F00722,126688,476,127081,127557,393,476,869,10.3,14685.31640625,1.8256302521008403
bba44f8e5b,F00723,126688,291,127081,127372,393,291,684,10.95,14685.31640625,2.350515463917526
bba44f8e5b,F00724,126688,542,127081,127623,393,542,935,12.05,14685.31640625,1.7250922509225093
bba44f8e5b,F00725,126688,548,127201,127749,513,548,1061,10.0,14685.31640625,1.936131386861314
bba44f8e5b,F00726,126688,416,127201,127617,513,416,929,8.75,14685.31640625,2.233173076923077
bba44f8e5b,F00727,126688,398,127201,127599,513,398,911,13.45,14685.31640625,2.2889447236180906
bba44f8e5b,F00728,126688,470,127201,127671,513,470,983,9.7,14685.31640625,2.0914893617021275
bba44f8e5b,F00729,126688,272,127201,127473,513,272,785,9.7,14685.31640625,2.886029411764706
bba44f8e5b,F00730,126688,290,127201,127491,513,290,803,7.4,14685.3203125,2.768965517241379
bba44f8e5b,F00731,126688,375,127201,127576,513,375,888,7.15,14685.3203125,2.368
bba44f8e5b,F00732,126688,189,127357,127546,669,189,858,8.7,14685.3203125,4.5396825396825395
bba44f8e5b,F00733,126688,515,127372,127887,684,515,1199,9.3,14685.3203125,2.3281553398058255
bba44f8e5b,F00734,126688,296,127473,127769,785,296,1081,8.9,14685.3203125,3.652027027027027
bba44f8e5b,F00735,126688,270,127546,127816,858,270,1128,9.75,14685.2890625,4.177777777777778
bba44f8e5b,F00736,126688,289,127546,127835,858,289,1147,21.9,14685.2890625,3.9688581314878895
bba44f8e5b,F00737,126688,321,127546,127867,858,321,1179,9.65,14685.2890625,3.6728971962616823
bba44f8e5b,F00738,132307,220,132307,132527,0,220,220,8.95,14685.2890625,1.0
bba44f8e5b,F00739,132307,227,132307,132534,0,227,227,8.55,14685.2890625,1.0
bba44f8e5b,F00740,132307,268,132307,132575,0,268,268,7.8,14685.2890625,1.0
bba44f8e5b,F00741,132307,346,132307,132653,0,346,346,7.8,14685.28125,1.0
bba44f8e5b,F00742,132307,505,132307,132812,0,505,505,8.15,14685.28125,1.0
bba44f8e5b,F00743,132307,228,132307,132535,0,228,228,8.35,14685.28125,1.0
bba44f8e5b,F00744,132307,511,132307,132818,0,511,511,8.35,14685.28125,1.0
bba44f8e5b,F00745,132307,259,132307,132566,0,259,259,8.15,14685.28125,1.0
bba44f8e5b,F00746,132307,182,132307,132489,0,182,182,8.15,14685.28125,1.0
bba44f8e5b,F00747,132307,362,132307,132669,0,362,362,8.15,14685.28125,1.0
bba44f8e5b,F00748,132307,358,132307,132665,0,358,358,10.0,14685.28125,1.0
bba44f8e5b,F00749,132307,319,132489,132808,182,319,501,10.0,14685.28125,1.5705329153605017
bba44f8e5b,F00750,132307,427,132489,132916,182,427,609,6.0,14685.28125,1.4262295081967213
bba44f8e5b,F00751,132307,388,132489,132877,182,388,570,7.7,14685.28125,1.4690721649484537
bba44f8e5b,F00752,132307,362,132489,132851,182,362,544,8.35,14685.28125,1.5027624309392265
bba44f8e5b,F00753,132307,181,132489,132670,182,181,363,8.35,14685.28125,2.005524861878453
bba44f8e5b,F00754,132307,255,132489,132744,182,255,437,44.65,14685.28125,1.7137254901960783
bba44f8e5b,F00755,132307,576,132489,133065,182,576,758,44.65,14685.28125,1.3159722222222223
bba44f8e5b,F00756,132307,365,132489,132854,182,365,547,16.05,14685.28125,1.4986301369863013
bba44f8e5b,F00757,132307,349,132670,133019,363,349,712,13.25,14685.28125,2.0401146131805157
bba44f8e5b,F00758,132307,544,132670,133214,363,544,907,14.05,14685.28125,1.6672794117647058
bba44f8e5b,F00759,132307,449,132670,133119,363,449,812,14.05,14685.28125,1.8084632516703787
bba44f8e5b,F00760,132307,506,132670,133176,363,506,869,12.5,14685.28125,1.7173913043478262
bba44f8e5b,F00761,132307,160,132670,132830,363,160,523,11.85,14685.28125,3.26875
bba44f8e5b,F00762,132307,588,132670,133258,363,588,951,12.5,14685.28125,1.6173469387755102
bba44f8e5b,F00763,132307,600,132744,133344,437,600,1037,9.4,14685.28125,1.7283333333333333
bba44f8e5b,F00764,132307,541,132830,133371,523,541,1064,8.6,14686.71875,1.966728280961183
bba44f8e5b,F00765,140023,394,140023,140417,0,394,394,12.75,14685.62890625,1.0
bba44f8e5b,F00766,140023,153,140023,140176,0,153,153,14.45,14688.79296875,1.0
bba44f8e5b,F00767,140023,330,140023,140353,0,330,330,10.4,14689.921875,1.0
bba44f8e5b,F00768,140023,302,140023,140325,0,302,302,13.3,14689.875,1.0
bba44f8e5b,F00769,140023,535,140023,140558,0,535,535,14.45,14689.921875,1.0
bba44f8e5b,F00770,140023,349,140023,140372,0,349,349,7.8,14689.921875,1.0
bba44f8e5b,F00771,140023,586,140023,140609,0,586,586,14.45,14689.921875,1.0
bba44f8e5b,F00772,140023,577,140023,140600,0,577,577,15.45,14689.875,1.0
bba44f8e5b,F00773,140023,364,140023,140387,0,364,364,14.45,14689.875,1.0
bba44f8e5b,F00774,140023,425,140023,140448,0,425,425,11.45,14689.65625,1.0
bba44f8e5b,F00775,140023,532,140023,140555,0,532,532,14.1,14689.65625,1.0
bba44f8e5b,F00776,140023,526,140023,140549,0,526,526,12.2,14689.65625,1.0
bba44f8e5b,F00777,140023,429,140023,140452,0,429,429,15.7,14688.35546875,1.0
bba44f8e5b,F00778,140023,559,140448,141007,425,559,984,14.7,14687.6328125,1.7602862254025045
bba44f8e5b,F00779,140023,458,140448,140906,425,458,883,16.15,14687.6328125,1.9279475982532752
bba44f8e5b,F00780,140023,262,140448,140710,425,262,687,15.15,14687.6328125,2.622137404580153
bba44f8e5b,F00781,140023,399,140448,140847,425,399,824,15.15,14687.6328125,2.0651629072681703
bba44f8e5b,F00782,140023,262,140452,140714,429,262,691,20.0,14687.6328125,2.6374045801526718
bba44f8e5b,F00783,140023,289,140452,140741,429,289,718,12.3,14687.6328125,2.4844290657439445
bba44f8e5b,F00784,140023,373,140452,140825,429,373,802,8.35,14687.6328125,2.1501340482573728
bba44f8e5b,F00785,140023,398,140452,140850,429,398,827,11.75,14687.6328125,2.077889447236181
bba44f8e5b,F00786,140023,164,140452,140616,429,164,593,8.7,14687.6328125,3.6158536585365852
bba44f8e5b,F00787,140023,349,140452,140801,429,349,778,13.45,14687.51953125,2.2292263610315186
bba44f8e5b,F00788,140023,322,140452,140774,429,322,751,14.8,14687.6328125,2.3322981366459627
bba44f8e5b,F00789,140023,492,140452,140944,429,492,921,16.65,14687.6328125,1.8719512195121952
bba44f8e5b,F00790,140023,497,140452,140949,429,497,926,10.8,14687.51953125,1.86317907444668
bba44f8e5b,F00791,140023,558,140616,141174,593,558,1151,10.55,14687.51953125,2.0627240143369177
bba44f8e5b,F00792,140023,357,140616,140973,593,357,950,8.0,14687.51953125,2.661064425770308
bba44f8e5b,F00793,140023,520,140616,141136,593,520,1113,6.65,14687.51953125,2.1403846153846153
bba44f8e5b,F00794,140023,234,140714,140948,691,234,925,7.15,14687.51953125,3.952991452991453
bba44f8e5b,F00795,140023,580,140714,141294,691,580,1271,8.7,14687.51953125,2.1913793103448276
bba44f8e5b,F00796,140023,389,140714,141103,691,389,1080,10.2,14687.51953125,2.776349614395887
bba44f8e5b,F00797,140023,215,140714,140929,691,215,906,7.7,14687.51953125,4.213953488372093
bba44f8e5b,F00798,140023,468,140714,141182,691,468,1159,11.1,14687.51953125,2.4764957264957266
bba44f8e5b,F00799,140023,423,140741,141164,718,423,1141,9.7,14687.51953125,2.6973995271867612
bba44f8e5b,F00800,140023,163,140741,140904,718,163,881,3.35,14687.4609375,5.404907975460123
bba44f8e5b,F00801,140023,351,140904,141255,881,351,1232,3.85,14687.4609375,3.50997150997151
bba44f8e5b,F00802,147871,192,147871,148063,0,192,192,3.55,14687.4609375,1.0
bba44f8e5b,F00803,147871,479,147871,148350,0,479,479,6.8,14687.40234375,1.0
bba44f8e5b,F00804,147871,369,147871,148240,0,369,369,5.9,14687.40234375,1.0
bba44f8e5b,F00805,147871,219,147871,148090,0,219,219,28.55,14687.40234375,1.0
bba44f8e5b,F00806,147871,593,147871,148464,0,593,593,28.55,14687.40234375,1.0
bba44f8e5b,F00807,147871,386,147871,148257,0,386,386,6.95,14687.40234375,1.0
bba44f8e5b,F00808,147871,243,147871,148114,0,243,243,8.8,14687.40234375,1.0
bba44f8e5b,F00809,147871,175,147871,148046,0,175,175,8.35,14687.40234375,1.0
bba44f8e5b,F00810,147871,283,147871,148154,0,283,283,8.05,14687.40234375,1.0
bba44f8e5b,F00811,147871,344,147871,148215,0,344,344,8.35,14687.40234375,1.0
bba44f8e5b,F00812,147871,317,147871,148188,0,317,317,6.8,14687.40234375,1.0
bba44f8e5b,F00813,147871,258,148046,148304,175,258,433,6.8,14687.40234375,1.678294573643411
bba44f8e5b,F00814,147871,382,148046,148428,175,382,557,6.8,14687.40234375,1.4581151832460733
bba44f8e5b,F00815,147871,317,148046,148363,175,317,492,12.5,14687.40234375,1.5520504731861198
bba44f8e5b,F00816,147871,322,148046,148368,175,322,497,12.5,14687.40234375,1.5434782608695652
bba44f8e5b,F00817,147871,539,148154,148693,283,539,822,9.4,14687.40234375,1.5250463821892393
bba44f8e5b,F00818,147871,600,148304,148904,433,600,1033,26.25,14687.40234375,1.7216666666666667
bba44f8e5b,F00819,147871,344,148304,148648,433,344,777,28.15,14687.40234375,2.258720930232558
bba44f8e5b,F00820,147871,292,148304,148596,433,292,725,14.3,14687.40234375,2.482876712328767
bba44f8e5b,F00821,147871,535,148363,148898,492,535,1027,8.35,14687.40234375,1.919626168224299
bba44f8e5b,F00822,147871,575,148363,148938,492,575,1067,8.35,14687.40234375,1.8556521739130434
bba44f8e5b,F00823,147871,365,148363,148728,492,365,857,8.35,14687.40234375,2.347945205479452
bba44f8e5b,F00824,147871,279,148363,148642,492,279,771,9.4,14687.40234375,2.763440860215054
bba44f8e5b,F00825,147871,577,148363,148940,492,577,1069,9.4,14687.40234375,1.852686308492201
bba44f8e5b,F00826,147871,191,148363,148554,492,191,683,9.4,14687.40234375,3.575916230366492
bba44f8e5b,F00827,154723,533,154723,155256,0,533,533,7.9,14687.40234375,1.0
bba44f8e5b,F00828,154723,426,154723,155149,0,426,426,7.9,14687.40234375,1.0
bba44f8e5b,F00829,154723,176,154723,154899,0,176,176,7.5,14687.40234375,1.0
bba44f8e5b,F00830,154723,329,154723,155052,0,329,329,7.5,14687.40234375,1.0
bba44f8e5b,F00831,154723,264,154723,154987,0,264,264,5.75,14687.40234375,1.0
bba44f8e5b,F00832,154723,482,154723,155205,0,482,482,4.4,14687.40234375,1.0
bba44f8e5b,F00833,154723,185,154723,154908,0,185,185,25.0,14687.40234375,1.0
bba44f8e5b,F00834,154723,549,154723,155272,0,549,549,6.0,14687.40625,1.0
bba44f8e5b,F00835,154723,483,154723,155206,0,483,483,6.0,14687.40625,1.0
bba44f8e5b,F00836,154723,170,154723,154893,0,170,170,6.0,14687.40625,1.0
bba44f8e5b,F00837,154723,536,154893,155429,170,536,706,5.75,14687.40625,1.3171641791044777
bba44f8e5b,F00838,154723,165,154893,155058,170,165,335,5.75,14687.40625,2.0303030303030303
bba44f8e5b,F00839,154723,276,154893,155169,170,276,446,5.75,14687.40625,1.6159420289855073
bba44f8e5b,F00840,154723,252,154893,155145,170,252,422,5.75,14687.40625,1.6746031746031746
bba44f8e5b,F00841,154723,579,154893,155472,170,579,749,8.8,14687.40625,1.293609671848014
bba44f8e5b,F00842,154723,160,154893,155053,170,160,330,3.75,14687.40625,2.0625
bba44f8e5b,F00843,154723,468,154893,155361,170,468,638,31.5,14687.40625,1.3632478632478633
bba44f8e5b,F00844,154723,228,155053,155281,330,228,558,29.15,14687.40625,2.4473684210526314
bba44f8e5b,F00845,154723,272,155053,155325,330,272,602,29.15,14687.40625,2.213235294117647
bba44f8e5b,F00846,154723,214,155053,155267,330,214,544,7.15,14687.40625,2.542056074766355
bba44f8e5b,F00847,154723,392,155053,155445,330,392,722,10.7,14687.40625,1.8418367346938775
bba44f8e5b,F00848,154723,492,155053,155545,330,492,822,10.35,14687.40625,1.670731707317073
bba44f8e5b,F00849,154723,208,155053,155261,330,208,538,6.8,14687.40625,2.5865384615384617
bba44f8e5b,F00850,154723,438,155053,155491,330,438,768,6.8,14687.40625,1.7534246575342465
bba44f8e5b,F00851,154723,261,155053,155314,330,261,591,6.25,14687.40625,2.264367816091954
bba44f8e5b,F00852,161532,542,161532,162074,0,542,542,6.8,14687.40625,1.0
bba44f8e5b,F00853,161532,338,161532,161870,0,338,338,6.8,14687.40625,1.0
bba44f8e5b,F00854,161532,235,161532,161767,0,235,235,18.75,14687.41015625,1.0
bba44f8e5b,F00855,161532,460,161532,161992,0,460,460,4.4,14687.41015625,1.0
bba44f8e5b,F00856,161532,460,161532,161992,0,460,460,0.0,14687.41015625,1.0
bba44f8e5b,F00857,161532,532,161532,162064,0,532,532,7.5,14687.41015625,1.0
bba44f8e5b,F00858,161532,517,161532,162049,0,517,517,10.0,14687.41015625,1.0
bba44f8e5b,F00859,161532,208,161532,161740,0,208,208,10.0,14687.41015625,1.0
bba44f8e5b,F00860,161532,548,161532,162080,0,548,548,12.95,14687.41015625,1.0
bba44f8e5b,F00861,161532,569,161532,162101,0,569,569,9.5,14687.41015625,1.0
bba44f8e5b,F00862,161532,233,161532,161765,0,233,233,10.55,14687.41015625,1.0
bba44f8e5b,F00863,161532,309,161740,162049,208,309,517,10.55,14687.41015625,1.6731391585760518
bba44f8e5b,F00864,161532,205,161740,161945,208,205,413,9.5,14687.41015625,2.0146341463414634
bba44f8e5b,F00865,161532,446,161765,162211,233,446,679,8.0,14687.41015625,1.5224215246636772
bba44f8e5b,F00866,161532,163,161765,161928,233,163,396,8.0,14687.41015625,2.4294478527607364
bba44f8e5b,F00867,161532,309,161765,162074,233,309,542,15.9,14687.41015625,1.7540453074433657
bba44f8e5b,F00868,161532,444,161765,162209,233,444,677,47.2,14687.41015625,1.5247747747747749
bba44f8e5b,F00869,161532,496,161765,162261,233,496,729,22.9,14687.41015625,1.469758064516129
bba44f8e5b,F00870,161532,342,161765,162107,233,342,575,15.3,14687.41015625,1.6812865497076024
bba44f8e5b,F00871,161532,353,161765,162118,233,353,586,15.3,14687.41015625,1.660056657223796
bba44f8e5b,F00872,161532,516,161765,162281,233,516,749,14.45,14687.41015625,1.4515503875968991
bba44f8e5b,F00873,161532,251,161765,162016,233,251,484,20.6,14687.41015625,1.9282868525896415
bba44f8e5b,F00874,161532,188,161765,161953,233,188,421,20.6,14687.41015625,2.2393617021276597
bba44f8e5b,F00875,161532,453,161928,162381,396,453,849,20.6,14687.41015625,1.8741721854304636
bba44f8e5b,F00876,161532,503,161928,162431,396,503,899,22.9,14687.41015625,1.7872763419483102
bba44f8e5b,F00877,161532,575,161953,162528,421,575,996,11.65,14687.32421875,1.7321739130434783
bba44f8e5b,F00878,161532,471,161953,162424,421,471,892,20.6,14687.41015625,1.8938428874734607
bba44f8e5b,F00879,161532,274,162281,162555,749,274,1023,45.0,14686.94140625,3.7335766423357666
bba44f8e5b,F00880,161532,202,162281,162483,749,202,951,13.1,14686.94140625,4.707920792079208
bba44f8e5b,F00881,161532,506,162281,162787,749,506,1255,8.0,14686.94140625,2.4802371541501977
bba44f8e5b,F00882,161532,545,162381,162926,849,545,1394,8.0,14686.94140625,2.5577981651376147
bba44f8e5b,F00883,161532,304,162381,162685,849,304,1153,8.0,14686.94140625,3.7927631578947367
bba44f8e5b,F00884,161532,585,162424,163009,892,585,1477,8.0,14686.94140625,2.5247863247863247
bba44f8e5b,F00885,169450,557,169450,170007,0,557,557,7.15,14686.94140625,1.0
bba44f8e5b,F00886,169450,439,169450,169889,0,439,439,7.15,14686.94140625,1.0
bba44f8e5b,F00887,169450,550,169450,170000,0,550,550,7.15,14686.94140625,1.0
bba44f8e5b,F00888,169450,171,169450,169621,0,171,171,14.1,14686.94140625,1.0
bba44f8e5b,F00889,169450,327,169450,169777,0,327,327,14.1,14686.94140625,1.0
bba44f8e5b,F00890,169450,422,169450,169872,0,422,422,7.15,14686.94140625,1.0
bba44f8e5b,F00891,169450,369,169450,169819,0,369,369,5.4,14686.94140625,1.0
bba44f8e5b,F00892,169450,488,169450,169938,0,488,488,5.4,14686.94140625,1.0
bba44f8e5b,F00893,169450,339,169621,169960,171,339,510,11.1,14686.94140625,1.5044247787610618
bba44f8e5b,F00894,169450,185,169777,169962,327,185,512,7.5,14686.94140625,2.7675675675675677
bba44f8e5b,F00895,169450,409,169777,170186,327,409,736,7.5,14686.94140625,1.7995110024449879
bba44f8e5b,F00896,169450,481,169777,170258,327,481,808,7.5,14686.94140625,1.67983367983368
bba44f8e5b,F00897,169450,324,169777,170101,327,324,651,13.45,14686.94140625,2.009259259259259
bba44f8e5b,F00898,169450,156,169819,169975,369,156,525,8.8,14686.94140625,3.3653846153846154
bba44f8e5b,F00899,169450,584,169819,170403,369,584,953,7.5,14686.94140625,1.6318493150684932
bba44f8e5b,F00900,169450,365,169819,170184,369,365,734,7.5,14686.94140625,2.010958904109589
bba44f8e5b,F00901,169450,571,169819,170390,369,571,940,8.8,14686.94140625,1.6462346760070052
bba44f8e5b,F00902,169450,400,169960,170360,510,400,910,8.8,14686.94140625,2.275
bba44f8e5b,F00903,169450,204,169962,170166,512,204,716,4.85,14686.921875,3.5098039215686274
bba44f8e5b,F00904,169450,371,169962,170333,512,371,883,4.85,14686.921875,2.3800539083557952
bba44f8e5b,F00905,169450,335,169975,170310,525,335,860,4.85,14686.921875,2.5671641791044775
bba44f8e5b,F00906,169450,475,169975,170450,525,475,1000,6.8,14686.921875,2.1052631578947367
bba44f8e5b,F00907,169450,574,170166,170740,716,574,1290,10.35,14686.921875,2.2473867595818815
bba44f8e5b,F00908,169450,385,170166,170551,716,385,1101,10.35,14686.921875,2.85974025974026
bba44f8e5b,F00909,169450,512,170166,170678,716,512,1228,7.15,14686.921875,2.3984375
bba44f8e5b,F00910,169450,228,170310,170538,860,228,1088,7.15,14686.921875,4.771929824561403
bba44f8e5b,F00911,169450,372,170310,170682,860,372,1232,7.15,14686.921875,3.3118279569892475
bba44f8e5b,F00912,169450,240,170310,170550,860,240,1100,7.15,14686.921875,4.583333333333333
bba44f8e5b,F00913,176724,465,176724,177189,0,465,465,21.45,14686.921875,1.0
bba44f8e5b,F00914,176724,563,176724,177287,0,563,563,7.15,14686.921875,1.0
bba44f8e5b,F00915,176724,425,176724,177149,0,425,425,11.55,14686.921875,1.0
bba44f8e5b,F00916,176724,546,176724,177270,0,546,546,5.55,14686.921875,1.0
bba44f8e5b,F00917,176724,397,176724,177121,0,397,397,5.55,14686.921875,1.0
bba44f8e5b,F00918,176724,388,176724,177112,0,388,388,8.55,14686.921875,1.0
bba44f8e5b,F00919,176724,373,176724,177097,0,373,373,10.7,14685.83203125,1.0
bba44f8e5b,F00920,176724,572,176724,177296,0,572,572,10.7,14685.83203125,1.0
bba44f8e5b,F00921,176724,524,176724,177248,0,524,524,15.4,14685.83203125,1.0
bba44f8e5b,F00922,176724,453,176724,177177,0,453,453,9.2,14685.83203125,1.0
bba44f8e5b,F00923,176724,287,176724,177011,0,287,287,14.6,14685.83203125,1.0
bba44f8e5b,F00924,176724,315,176724,177039,0,315,315,11.75,14685.83203125,1.0
bba44f8e5b,F00925,176724,586,176724,177310,0,586,586,11.75,14685.83203125,1.0
bba44f8e5b,F00926,176724,275,176724,176999,0,275,275,11.75,14685.83203125,1.0
bba44f8e5b,F00927,176724,575,176724,177299,0,575,575,11.75,14685.8359375,1.0
bba44f8e5b,F00928,176724,194,176724,176918,0,194,194,11.75,14685.8359375,1.0
bba44f8e5b,F00929,176724,292,176724,177016,0,292,292,7.4,14685.8359375,1.0
bba44f8e5b,F00930,176724,380,176918,177298,194,380,574,10.6,14685.8359375,1.5105263157894737
bba44f8e5b,F00931,176724,274,177016,177290,292,274,566,10.6,14685.83984375,2.065693430656934
bba44f8e5b,F00932,176724,534,177016,177550,292,534,826,10.0,14685.83984375,1.546816479400749
bba44f8e5b,F00933,176724,387,177016,177403,292,387,679,10.0,14685.83984375,1.7545219638242895
bba44f8e5b,F00934,176724,441,177016,177457,292,441,733,10.3,14685.83984375,1.6621315192743764
bba44f8e5b,F00935,176724,462,177016,177478,292,462,754,10.3,14685.83984375,1.632034632034632
bba44f8e5b,F00936,176724,492,177016,177508,292,492,784,4.15,14685.83984375,1.5934959349593496
bba44f8e5b,F00937,176724,344,177016,177360,292,344,636,6.25,14685.83984375,1.8488372093023255
bba44f8e5b,F00938,176724,322,177290,177612,566,322,888,4.4,14685.83984375,2.7577639751552794
bba44f8e5b,F00939,176724,164,177290,177454,566,164,730,6.6,14685.83984375,4.451219512195122
bba44f8e5b,F00940,176724,403,177290,177693,566,403,969,4.15,14685.83984375,2.404466501240695
bba44f8e5b,F00941,176724,585,177290,177875,566,585,1151,4.15,14685.83984375,1.9675213675213674
bba44f8e5b,F00942,176724,316,177290,177606,566,316,882,4.15,14685.83984375,2.7911392405063293
bba44f8e5b,F00943,176724,243,177290,177533,566,243,809,40.85,14685.83984375,3.3292181069958846
bba44f8e5b,F00944,176724,399,177290,177689,566,399,965,40.85,14685.83984375,2.418546365914787
bba44f8e5b,F00945,176724,258,177360,177618,636,258,894,13.45,14685.83984375,3.4651162790697674
bba44f8e5b,F00946,182630,324,182630,182954,0,324,324,20.0,14685.83984375,1.0
bba44f8e5b,F00947,182630,293,182630,182923,0,293,293,6.25,14685.83984375,1.0
bba44f8e5b,F00948,182630,600,182630,183230,0,600,600,6.45,14685.58984375,1.0
bba44f8e5b,F00949,182630,455,182630,183085,0,455,455,10.55,14685.58984375,1.0
bba44f8e5b,F00950,182630,509,182630,183139,0,509,509,10.55,14685.58984375,1.0
bba44f8e5b,F00951,182630,600,182630,183230,0,600,600,6.45,14685.58984375,1.0
bba44f8e5b,F00952,182630,291,182630,182921,0,291,291,10.55,14685.58984375,1.0
bba44f8e5b,F00953,182630,434,182630,183064,0,434,434,31.25,14685.58984375,1.0
bba44f8e5b,F00954,182630,155,182630,182785,0,155,155,6.45,14685.58984375,1.0
bba44f8e5b,F00955,182630,414,182630,183044,0,414,414,14.0,14685.58984375,1.0
bba44f8e5b,F00956,182630,247,182630,182877,0,247,247,7.9,14685.58984375,1.0
bba44f8e5b,F00957,182630,193,182785,182978,155,193,348,13.45,14685.58984375,1.8031088082901554
bba44f8e5b,F00958,182630,273,182785,183058,155,273,428,7.15,14685.58984375,1.5677655677655677
bba44f8e5b,F00959,182630,518,182785,183303,155,518,673,8.8,14685.58984375,1.2992277992277992
bba44f8e5b,F00960,182630,358,182785,183143,155,358,513,12.95,14685.58984375,1.4329608938547487
bba44f8e5b,F00961,182630,400,182785,183185,155,400,555,8.8,14685.58984375,1.3875
bba44f8e5b,F00962,182630,434,182785,183219,155,434,589,8.8,14685.58984375,1.3571428571428572
bba44f8e5b,F00963,182630,538,182877,183415,247,538,785,5.0,14685.58984375,1.4591078066914498
bba44f8e5b,F00964,182630,273,182877,183150,247,273,520,8.8,14685.58984375,1.9047619047619047
bba44f8e5b,F00965,182630,503,182877,183380,247,503,750,7.3,14685.58984375,1.4910536779324055
bba44f8e5b,F00966,182630,393,182877,183270,247,393,640,8.8,14685.58984375,1.6284987277353689
bba44f8e5b,F00967,182630,480,182877,183357,247,480,727,42.150000000000006,14685.58984375,1.5145833333333334
bba44f8e5b,F00968,182630,514,182877,183391,247,514,761,15.2,14685.58984375,1.4805447470817121
bba44f8e5b,F00969,182630,401,183143,183544,513,401,914,10.55,14685.58984375,2.27930174563591
bba44f8e5b,F00970,182630,379,183185,183564,555,379,934,11.75,14685.58984375,2.4643799472295513
bba44f8e5b,F00971,182630,555,183185,183740,555,555,1110,11.1,14685.58984375,2.0
bba44f8e5b,F00972,182630,158,183185,183343,555,158,713,14.0,14685.58984375,4.512658227848101
bba44f8e5b,F00973,182630,197,183185,183382,555,197,752,11.1,14685.58984375,3.817258883248731
bba44f8e5b,F00974,182630,300,183270,183570,640,300,940,11.75,14685.65234375,3.1333333333333333
bba44f8e5b,F00975,182630,263,183270,183533,640,263,903,9.1,14685.77734375,3.4334600760456273
bba44f8e5b,F00976,182630,357,183270,183627,640,357,997,6.45,14685.77734375,2.7927170868347337
bba44f8e5b,F00977,182630,504,183270,183774,640,504,1144,6.25,14685.77734375,2.2698412698412698
bba44f8e5b,F00978,182630,274,183270,183544,640,274,914,9.1,14685.77734375,3.335766423357664
bba44f8e5b,F00979,188138,392,188138,188530,0,392,392,15.5,14685.77734375,1.0
bba44f8e5b,F00980,188138,433,188138,188571,0,433,433,44.800000000000004,14685.77734375,1.0
bba44f8e5b,F00981,188138,421,188138,188559,0,421,421,10.85,14685.77734375,1.0
bba44f8e5b,F00982,188138,326,188138,188464,0,326,326,15.5,14685.77734375,1.0
bba44f8e5b,F00983,188138,367,188138,188505,0,367,367,10.85,14685.77734375,1.0
bba44f8e5b,F00984,188138,531,188138,188669,0,531,531,11.9,14685.77734375,1.0
bba44f8e5b,F00985,188138,431,188138,188569,0,431,431,11.9,14685.77734375,1.0
bba44f8e5b,F00986,188138,319,188138,188457,0,319,319,10.85,14685.77734375,1.0
bba44f8e5b,F00987,188138,330,188138,188468,0,330,330,10.85,14685.77734375,1.0
bba44f8e5b,F00988,188138,509,188138,188647,0,509,509,27.8,14685.77734375,1.0
bba44f8e5b,F00989,188138,382,188138,188520,0,382,382,13.15,14685.734375,1.0
bba44f8e5b,F00990,188138,288,188138,188426,0,288,288,11.0,14685.734375,1.0
bba44f8e5b,F00991,188138,306,188138,188444,0,306,306,13.15,14685.734375,1.0
bba44f8e5b,F00992,188138,278,188138,188416,0,278,278,13.15,14685.734375,1.0
bba44f8e5b,F00993,188138,268,188138,188406,0,268,268,8.35,14685.734375,1.0
bba44f8e5b,F00994,188138,211,188138,188349,0,211,211,8.35,14685.734375,1.0
bba44f8e5b,F00995,188138,519,188349,188868,211,519,730,10.25,14685.734375,1.4065510597302504
bba44f8e5b,F00996,188138,248,188349,188597,211,248,459,8.35,14685.734375,1.8508064516129032
bba44f8e5b,F00997,188138,311,188349,188660,211,311,522,9.4,14685.734375,1.6784565916398715
bba44f8e5b,F00998,188138,211,188349,188560,211,211,422,9.4,14685.734375,2.0
bba44f8e5b,F00999,188138,530,188349,188879,211,530,741,9.4,14685.734375,1.3981132075471698
bba44f8e5b,F01000,188138,424,188349,188773,211,424,635,6.5,14685.078125,1.4976415094339623
