run_id,quantum_ms,job_id,service_time_ms,arrival_time_ms,first_start_time_ms,finish_time_ms,response_time_ms,waiting_time_ms,slices,preemptions
009e310875,10,j0000,792,0,8000,238020000,238020000,238019208,80,79
009e310875,10,j0001,748,0,14000,234138000,234138000,234137252,75,74
009e310875,10,j0002,448,0,16000,179796000,179796000,179795552,45,44
009e310875,10,j0003,749,0,16000,234262000,234262000,234261251,75,74
009e310875,10,j0004,318,0,36000,120224000,120224000,120223682,32,31
009e310875,10,j0005,635,0,38000,222790000,222790000,222789365,64,63
009e310875,10,j0006,326,0,44000,125736000,125736000,125735674,33,32
009e310875,10,j0007,503,0,58000,195686000,195686000,195685497,51,50
009e310875,10,j0008,456,0,60000,183110000,183110000,183109544,46,45
009e310875,10,j0009,330,0,64000,125378000,125378000,125377670,33,32
009e310875,10,j0010,398,0,62000,164704000,164704000,164703602,40,39
009e310875,10,j0011,612,0,64000,219252000,219252000,219251388,62,61
009e310875,10,j0012,751,0,68000,234980000,234980000,234979249,76,75
009e310875,10,j0013,485,0,70000,191132000,191132000,191131515,49,48
009e310875,10,j0014,667,0,78000,224744000,224744000,224743333,67,66
009e310875,10,j0015,626,0,86000,221254000,221254000,221253374,63,62
009e310875,10,j0016,317,0,92000,120534000,120534000,120533683,32,31
009e310875,10,j0017,34,0,108000,14572000,14572000,14571966,4,3
009e310875,10,j0018,619,0,108000,219196000,219196000,219195381,62,61
009e310875,10,j0019,362,0,120000,149372000,149372000,149371638,37,36
009e310875,10,j0020,328,0,132000,125646000,125646000,125645672,33,32
009e310875,10,j0021,488,0,130000,190916000,190916000,190915512,49,48
009e310875,10,j0022,572,0,136000,210694000,210694000,210693428,58,57
009e310875,10,j0023,802,0,138000,238558000,238558000,238557198,81,80
009e310875,10,j0024,589,0,152000,212302000,212302000,212301411,59,58
009e310875,10,j0025,475,0,154000,188492000,188492000,188491525,48,47
009e310875,10,j0026,413,0,190000,169844000,169844000,169843587,42,41
009e310875,10,j0027,705,0,188000,230266000,230266000,230265295,71,70
009e310875,10,j0028,574,0,190000,210654000,210654000,210653426,58,57
009e310875,10,j0029,8,0,190000,190000,190000,189992,1,0
009e310875,10,j0030,866,0,192000,241268000,241268000,241267134,87,86
009e310875,10,j0031,397,0,192000,164808000,164808000,164807603,40,39
009e310875,10,j0032,874,0,204000,241438000,241438000,241437126,88,87
009e310875,10,j0033,752,0,204000,235146000,235146000,235145248,76,75
009e310875,10,j0034,527,0,206000,200694000,200694000,200693473,53,52
009e310875,10,j0035,508,0,210000,195790000,195790000,195789492,51,50
009e310875,10,j0036,468,0,210000,186032000,186032000,186031532,47,46
009e310875,10,j0037,877,0,220000,241574000,241574000,241573123,88,87
009e310875,10,j0038,875,0,220000,241494000,241494000,241493125,88,87
009e310875,10,j0039,743,0,224000,234346000,234346000,234345257,75,74
009e310875,10,j0040,635,0,224000,222704000,222704000,222703365,64,63
009e310875,10,j0041,436,0,226000,176988000,176988000,176987564,44,43
009e310875,10,j0042,463,0,230000,185856000,185856000,185855537,47,46
009e310875,10,j0043,760,0,228000,235028000,235028000,235027240,76,75
009e310875,10,j0044,418,0,234000,170144000,170144000,170143582,42,41
009e310875,10,j0045,642,0,236000,222036000,222036000,222035358,65,64
009e310875,10,j0046,608,0,242000,217156000,217156000,217155392,61,60
009e310875,10,j0047,538,0,240000,202890000,202890000,202889462,54,53
009e310875,10,j0048,638,0,246000,222770000,222770000,222769362,64,63
009e310875,10,j0049,430,0,260000,173038000,173038000,173037570,43,42
009e310875,10,j0050,482,0,272000,191200000,191200000,191199518,49,48
009e310875,10,j0051,334,0,272000,130960000,130960000,130959666,34,33
009e310875,10,j0052,313,0,304000,120458000,120458000,120457687,32,31
009e310875,10,j0053,867,0,302000,241244000,241244000,241243133,87,86
009e310875,10,j0054,547,0,304000,205074000,205074000,205073453,55,54
009e310875,10,j0055,738,0,314000,233158000,233158000,233157262,74,73
009e310875,10,j0056,499,0,318000,193372000,193372000,193371501,50,49
009e310875,10,j0057,12,0,316000,6088000,6088000,6087988,2,1
009e310875,10,j0058,613,0,352000,219320000,219320000,219319387,62,61
009e310875,10,j0059,539,0,354000,202968000,202968000,202967461,54,53
009e310875,10,j0060,416,0,356000,169980000,169980000,169979584,42,41
009e310875,10,j0061,722,0,370000,232220000,232220000,232219278,73,72
009e310875,10,j0062,306,0,374000,116122000,116122000,116121694,31,30
009e310875,10,j0063,444,0,380000,179886000,179886000,179885556,45,44
009e310875,10,j0064,861,0,386000,241208000,241208000,241207139,87,86
009e310875,10,j0065,793,0,388000,238200000,238200000,238199207,80,79
009e310875,10,j0066,724,0,392000,232280000,232280000,232279276,73,72
009e310875,10,j0067,854,0,402000,241076000,241076000,241075146,86,85
009e310875,10,j0068,375,0,402000,155472000,155472000,155471625,38,37
009e310875,10,j0069,510,0,412000,196012000,196012000,196011490,51,50
009e310875,10,j0070,809,0,408000,238866000,238866000,238865191,81,80
009e310875,10,j0071,419,0,410000,170034000,170034000,170033581,42,41
009e310875,10,j0072,861,0,412000,241248000,241248000,241247139,87,86
009e310875,10,j0073,42,0,416000,19100000,19100000,19099958,5,4
009e310875,10,j0074,344,0,426000,136100000,136100000,136099656,35,34
009e310875,10,j0075,636,0,430000,222844000,222844000,222843364,64,63
009e310875,10,j0076,30,0,434000,10632000,10632000,10631970,3,2
009e310875,10,j0077,24,0,442000,10674000,10674000,10673976,3,2
009e310875,10,j0078,801,0,446000,238722000,238722000,238721199,81,80
009e310875,10,j0079,578,0,448000,210682000,210682000,210681422,58,57
009e310875,10,j0080,895,0,444000,241698000,241698000,241697105,90,89
009e310875,10,j0081,661,0,468000,224976000,224976000,224975339,67,66
009e310875,10,j0082,417,0,482000,170086000,170086000,170085583,42,41
009e310875,10,j0083,880,0,488000,241510000,241510000,241509120,88,87
009e310875,10,j0084,618,0,520000,219318000,219318000,219317382,62,61
009e310875,10,j0085,625,0,522000,221206000,221206000,221205375,63,62
009e310875,10,j0086,719,0,526000,231476000,231476000,231475281,72,71
009e310875,10,j0087,453,0,532000,183200000,183200000,183199547,46,45
009e310875,10,j0088,619,0,534000,219360000,219360000,219359381,62,61
009e310875,10,j0089,788,0,558000,237350000,237350000,237349212,79,78
009e310875,10,j0090,505,0,578000,195942000,195942000,195941495,51,50
009e310875,10,j0091,683,0,610000,227794000,227794000,227793317,69,68
009e310875,10,j0092,717,0,602000,231422000,231422000,231421283,72,71
009e310875,10,j0093,770,0,602000,235812000,235812000,235811230,77,76
009e310875,10,j0094,495,0,606000,193650000,193650000,193649505,50,49
009e310875,10,j0095,608,0,608000,217370000,217370000,217369392,61,60
009e310875,10,j0096,362,0,612000,149858000,149858000,149857638,37,36
009e310875,10,j0097,418,0,614000,170222000,170222000,170221582,42,41
009e310875,10,j0098,375,0,624000,155954000,155954000,155953625,38,37
009e310875,10,j0099,741,0,622000,234342000,234342000,234341259,75,74
009e310875,10,j0100,559,0,632000,207168000,207168000,207167441,56,55
009e310875,10,j0101,666,0,636000,224870000,224870000,224869334,67,66
009e310875,10,j0102,644,0,638000,222140000,222140000,222139356,65,64
009e310875,10,j0103,825,0,644000,239800000,239800000,239799175,83,82
009e310875,10,j0104,794,0,644000,238214000,238214000,238213206,80,79
009e310875,10,j0105,387,0,648000,160934000,160934000,160933613,39,38
009e310875,10,j0106,446,0,644000,180314000,180314000,180313554,45,44
009e310875,10,j0107,301,0,646000,116122000,116122000,116121699,31,30
009e310875,10,j0108,429,0,670000,173448000,173448000,173447571,43,42
009e310875,10,j0109,324,0,672000,126508000,126508000,126507676,33,32
009e310875,10,j0110,797,0,674000,238148000,238148000,238147203,80,79
009e310875,10,j0111,573,0,684000,210648000,210648000,210647427,58,57
009e310875,10,j0112,849,0,686000,240786000,240786000,240785151,85,84
009e310875,10,j0113,446,0,688000,180266000,180266000,180265554,45,44
009e310875,10,j0114,465,0,726000,186132000,186132000,186131535,47,46
009e310875,10,j0115,592,0,734000,215256000,215256000,215255408,60,59
009e310875,10,j0116,634,0,766000,220650000,220650000,220649366,64,63
009e310875,10,j0117,300,0,770000,112232000,112232000,112231700,30,29
009e310875,10,j0118,517,0,804000,198726000,198726000,198725483,52,51
009e310875,10,j0119,620,0,804000,219442000,219442000,219441380,62,61
009e310875,10,j0120,760,0,808000,235136000,235136000,235135240,76,75
009e310875,10,j0121,882,0,846000,241654000,241654000,241653118,89,88
009e310875,10,j0122,442,0,860000,180326000,180326000,180325558,45,44
009e310875,10,j0123,534,0,888000,203138000,203138000,203137466,54,53
009e310875,10,j0124,412,0,904000,170212000,170212000,170211588,42,41
009e310875,10,j0125,503,0,908000,196260000,196260000,196259497,51,50
009e310875,10,j0126,856,0,922000,241022000,241022000,241021144,86,85
009e310875,10,j0127,687,0,918000,227794000,227794000,227793313,69,68
009e310875,10,j0128,303,0,920000,116256000,116256000,116255697,31,30
009e310875,10,j0129,23,0,924000,10856000,10856000,10855977,3,2
009e310875,10,j0130,585,0,928000,212844000,212844000,212843415,59,58
009e310875,10,j0131,617,0,934000,219310000,219310000,219309383,62,61
009e310875,10,j0132,456,0,930000,183376000,183376000,183375544,46,45
009e310875,10,j0133,322,0,934000,126502000,126502000,126501678,33,32
009e310875,10,j0134,620,0,932000,219326000,219326000,219325380,62,61
009e310875,10,j0135,695,0,934000,228996000,228996000,228995305,70,69
009e310875,10,j0136,620,0,940000,219324000,219324000,219323380,62,61
009e310875,10,j0137,709,0,950000,230376000,230376000,230375291,71,70
009e310875,10,j0138,575,0,956000,210902000,210902000,210901425,58,57
009e310875,10,j0139,572,0,962000,210744000,210744000,210743428,58,57
009e310875,10,j0140,881,0,958000,241642000,241642000,241641119,89,88
009e310875,10,j0141,601,0,960000,217508000,217508000,217507399,61,60
009e310875,10,j0142,495,0,964000,193714000,193714000,193713505,50,49
009e310875,10,j0143,669,0,974000,224948000,224948000,224947331,67,66
009e310875,10,j0144,320,0,990000,120858000,120858000,120857680,32,31
009e310875,10,j0145,544,0,976000,205200000,205200000,205199456,55,54
009e310875,10,j0146,320,0,1034000,120922000,120922000,120921680,32,31
009e310875,10,j0147,475,0,1044000,188962000,188962000,188961525,48,47
009e310875,10,j0148,743,0,1064000,234404000,234404000,234403257,75,74
009e310875,10,j0149,764,0,1088000,235798000,235798000,235797236,77,76
009e310875,10,j0150,582,0,1090000,212928000,212928000,212927418,59,58
009e310875,10,j0151,746,0,1094000,234202000,234202000,234201254,75,74
009e310875,10,j0152,463,0,1108000,186288000,186288000,186287537,47,46
009e310875,10,j0153,343,0,1144000,136512000,136512000,136511657,35,34
009e310875,10,j0154,656,0,1150000,223452000,223452000,223451344,66,65
009e310875,10,j0155,487,0,1176000,191192000,191192000,191191513,49,48
009e310875,10,j0156,492,0,1192000,193708000,193708000,193707508,50,49
009e310875,10,j0157,388,0,1196000,161160000,161160000,161159612,39,38
009e310875,10,j0158,512,0,1200000,198722000,198722000,198721488,52,51
009e310875,10,j0159,26,0,1198000,10968000,10968000,10967974,3,2
009e310875,10,j0160,366,0,1200000,149886000,149886000,149885634,37,36
009e310875,10,j0161,468,0,1200000,186302000,186302000,186301532,47,46
009e310875,10,j0162,374,0,1202000,156406000,156406000,156405626,38,37
009e310875,10,j0163,393,0,1216000,165282000,165282000,165281607,40,39
009e310875,10,j0164,46,0,1218000,19450000,19450000,19449954,5,4
009e310875,10,j0165,785,0,1218000,237424000,237424000,237423215,79,78
009e310875,10,j0166,878,0,1220000,241502000,241502000,241501122,88,87
009e310875,10,j0167,854,0,1222000,241040000,241040000,241039146,86,85
009e310875,10,j0168,422,0,1222000,173700000,173700000,173699578,43,42
009e310875,10,j0169,521,0,1240000,200876000,200876000,200875479,53,52
009e310875,10,j0170,43,0,1240000,19456000,19456000,19455957,5,4
009e310875,10,j0171,390,0,1242000,161294000,161294000,161293610,39,38
009e310875,10,j0172,604,0,1246000,217412000,217412000,217411396,61,60
009e310875,10,j0173,756,0,1252000,235086000,235086000,235085244,76,75
009e310875,10,j0174,465,0,1252000,186230000,186230000,186229535,47,46
009e310875,10,j0175,614,0,1254000,219526000,219526000,219525386,62,61
009e310875,10,j0176,828,0,1256000,239840000,239840000,239839172,83,82
009e310875,10,j0177,514,0,1266000,198760000,198760000,198759486,52,51
009e310875,10,j0178,585,0,1274000,212866000,212866000,212865415,59,58
009e310875,10,j0179,875,0,1294000,241508000,241508000,241507125,88,87
009e310875,10,j0180,689,0,1300000,227924000,227924000,227923311,69,68
009e310875,10,j0181,369,0,1310000,150340000,150340000,150339631,37,36
009e310875,10,j0182,580,0,1314000,210800000,210800000,210799420,58,57
009e310875,10,j0183,632,0,1318000,222144000,222144000,222143368,64,63
009e310875,10,j0184,473,0,1334000,188974000,188974000,188973527,48,47
009e310875,10,j0185,722,0,1350000,232384000,232384000,232383278,73,72
009e310875,10,j0186,44,0,1358000,19520000,19520000,19519956,5,4
009e310875,10,j0187,315,0,1374000,121186000,121186000,121185685,32,31
009e310875,10,j0188,687,0,1380000,227900000,227900000,227899313,69,68
009e310875,10,j0189,585,0,1382000,213088000,213088000,213087415,59,58
009e310875,10,j0190,374,0,1384000,156326000,156326000,156325626,38,37
009e310875,10,j0191,596,0,1392000,215454000,215454000,215453404,60,59
009e310875,10,j0192,506,0,1394000,196166000,196166000,196165494,51,50
009e310875,10,j0193,859,0,1398000,241082000,241082000,241081141,86,85
009e310875,10,j0194,540,0,1396000,203214000,203214000,203213460,54,53
009e310875,10,j0195,497,0,1402000,193870000,193870000,193869503,50,49
009e310875,10,j0196,553,0,1398000,207158000,207158000,207157447,56,55
009e310875,10,j0197,695,0,1406000,229054000,229054000,229053305,70,69
009e310875,10,j0198,788,0,1410000,237550000,237550000,237549212,79,78
009e310875,10,j0199,660,0,1412000,223592000,223592000,223591340,66,65
009e310875,10,j0200,769,0,1414000,235948000,235948000,235947231,77,76
009e310875,10,j0201,752,0,1430000,235146000,235146000,235145248,76,75
009e310875,10,j0202,636,0,1430000,220852000,220852000,220851364,64,63
009e310875,10,j0203,413,0,1434000,170474000,170474000,170473587,42,41
009e310875,10,j0204,515,0,1434000,198814000,198814000,198813485,52,51
009e310875,10,j0205,745,0,1430000,234450000,234450000,234449255,75,74
009e310875,10,j0206,338,0,1436000,131642000,131642000,131641662,34,33
009e310875,10,j0207,393,0,1436000,165464000,165464000,165463607,40,39
009e310875,10,j0208,465,0,1440000,186472000,186472000,186471535,47,46
009e310875,10,j0209,733,0,1448000,233390000,233390000,233389267,74,73
009e310875,10,j0210,460,0,1448000,183618000,183618000,183617540,46,45
009e310875,10,j0211,856,0,1472000,241082000,241082000,241081144,86,85
009e310875,10,j0212,37,0,1480000,15526000,15526000,15525963,4,3
009e310875,10,j0213,802,0,1484000,238754000,238754000,238753198,81,80
009e310875,10,j0214,555,0,1488000,207458000,207458000,207457445,56,55
009e310875,10,j0215,403,0,1504000,166856000,166856000,166855597,41,40
009e310875,10,j0216,400,0,1512000,165290000,165290000,165289600,40,39
009e310875,10,j0217,796,0,1512000,238192000,238192000,238191204,80,79
009e310875,10,j0218,340,0,1528000,131470000,131470000,131469660,34,33
009e310875,10,j0219,531,0,1532000,203332000,203332000,203331469,54,53
009e310875,10,j0220,532,0,1540000,203238000,203238000,203237468,54,53
009e310875,10,j0221,512,0,1538000,199036000,199036000,199035488,52,51
009e310875,10,j0222,849,0,1540000,240752000,240752000,240751151,85,84
009e310875,10,j0223,692,0,1548000,229048000,229048000,229047308,70,69
009e310875,10,j0224,404,0,1550000,166902000,166902000,166901596,41,40
009e310875,10,j0225,863,0,1550000,241254000,241254000,241253137,87,86
009e310875,10,j0226,375,0,1558000,156518000,156518000,156517625,38,37
009e310875,10,j0227,48,0,1562000,19652000,19652000,19651952,5,4
009e310875,10,j0228,450,0,1562000,180584000,180584000,180583550,45,44
009e310875,10,j0229,392,0,1562000,163072000,163072000,163071608,40,39
009e310875,10,j0230,797,0,1566000,238204000,238204000,238203203,80,79
009e310875,10,j0231,682,0,1568000,227862000,227862000,227861318,69,68
009e310875,10,j0232,370,0,1580000,150736000,150736000,150735630,37,36
009e310875,10,j0233,574,0,1582000,210910000,210910000,210909426,58,57
009e310875,10,j0234,425,0,1586000,173726000,173726000,173725575,43,42
009e310875,10,j0235,391,0,1602000,163274000,163274000,163273609,40,39
009e310875,10,j0236,897,0,1600000,241710000,241710000,241709103,90,89
009e310875,10,j0237,757,0,1598000,235250000,235250000,235249243,76,75
009e310875,10,j0238,547,0,1604000,205424000,205424000,205423453,55,54
009e310875,10,j0239,678,0,1604000,226726000,226726000,226725322,68,67
009e310875,10,j0240,438,0,1614000,177578000,177578000,177577562,44,43
009e310875,10,j0241,432,0,1616000,177528000,177528000,177527568,44,43
009e310875,10,j0242,735,0,1628000,233286000,233286000,233285265,74,73
009e310875,10,j0243,458,0,1622000,183758000,183758000,183757542,46,45
009e310875,10,j0244,402,0,1636000,167108000,167108000,167107598,41,40
009e310875,10,j0245,836,0,1640000,240332000,240332000,240331164,84,83
009e310875,10,j0246,515,0,1656000,198876000,198876000,198875485,52,51
009e310875,10,j0247,776,0,1670000,236748000,236748000,236747224,78,77
009e310875,10,j0248,320,0,1678000,121274000,121274000,121273680,32,31
009e310875,10,j0249,463,0,1678000,186476000,186476000,186475537,47,46
009e310875,10,j0250,800,0,1690000,238202000,238202000,238201200,80,79
009e310875,10,j0251,443,0,1692000,180724000,180724000,180723557,45,44
009e310875,10,j0252,37,0,1702000,15690000,15690000,15689963,4,3
009e310875,10,j0253,448,0,1706000,180670000,180670000,180669552,45,44
009e310875,10,j0254,646,0,1706000,222212000,222212000,222211354,65,64
009e310875,10,j0255,638,0,1706000,222180000,222180000,222179362,64,63
009e310875,10,j0256,870,0,1712000,241318000,241318000,241317130,87,86
009e310875,10,j0257,558,0,1712000,207446000,207446000,207445442,56,55
009e310875,10,j0258,444,0,1716000,180962000,180962000,180961556,45,44
009e310875,10,j0259,808,0,1720000,238830000,238830000,238829192,81,80
009e310875,10,j0260,380,0,1720000,156366000,156366000,156365620,38,37
009e310875,10,j0261,434,0,1722000,177650000,177650000,177649566,44,43
009e310875,10,j0262,16,0,1728000,7168000,7168000,7167984,2,1
009e310875,10,j0263,373,0,1732000,156510000,156510000,156509627,38,37
009e310875,10,j0264,530,0,1738000,201054000,201054000,201053470,53,52
009e310875,10,j0265,675,0,1740000,226828000,226828000,226827325,68,67
009e310875,10,j0266,399,0,1752000,163178000,163178000,163177601,40,39
009e310875,10,j0267,572,0,1762000,211018000,211018000,211017428,58,57
009e310875,10,j0268,502,0,1770000,196328000,196328000,196327498,51,50
009e310875,10,j0269,558,0,1770000,207454000,207454000,207453442,56,55
009e310875,10,j0270,816,0,1772000,239468000,239468000,239467184,82,81
009e310875,10,j0271,721,0,1778000,232452000,232452000,232451279,73,72
009e310875,10,j0272,362,0,1776000,150820000,150820000,150819638,37,36
009e310875,10,j0273,483,0,1778000,191744000,191744000,191743517,49,48
009e310875,10,j0274,398,0,1788000,163244000,163244000,163243602,40,39
009e310875,10,j0275,345,0,1790000,137672000,137672000,137671655,35,34
009e310875,10,j0276,605,0,1792000,217994000,217994000,217993395,61,60
009e310875,10,j0277,551,0,1796000,207456000,207456000,207455449,56,55
009e310875,10,j0278,563,0,1806000,209204000,209204000,209203437,57,56
009e310875,10,j0279,380,0,1824000,156442000,156442000,156441620,38,37
009e310875,10,j0280,688,0,1832000,228148000,228148000,228147312,69,68
009e310875,10,j0281,526,0,1834000,201236000,201236000,201235474,53,52
009e310875,10,j0282,774,0,1836000,236830000,236830000,236829226,78,77
009e310875,10,j0283,707,0,1834000,230436000,230436000,230435293,71,70
009e310875,10,j0284,551,0,1852000,207552000,207552000,207551449,56,55
009e310875,10,j0285,511,0,1854000,199052000,199052000,199051489,52,51
009e310875,10,j0286,314,0,1856000,121782000,121782000,121781686,32,31
009e310875,10,j0287,387,0,1862000,161430000,161430000,161429613,39,38
009e310875,10,j0288,569,0,1864000,209204000,209204000,209203431,57,56
009e310875,10,j0289,736,0,1866000,233572000,233572000,233571264,74,73
009e310875,10,j0290,496,0,1866000,194044000,194044000,194043504,50,49
009e310875,10,j0291,532,0,1874000,203286000,203286000,203285468,54,53
009e310875,10,j0292,823,0,1874000,239906000,239906000,239905177,83,82
009e310875,10,j0293,848,0,1884000,240854000,240854000,240853152,85,84
009e310875,10,j0294,680,0,1888000,226898000,226898000,226897320,68,67
009e310875,10,j0295,442,0,1886000,180972000,180972000,180971558,45,44
009e310875,10,j0296,420,0,1894000,170786000,170786000,170785580,42,41
009e310875,10,j0297,456,0,1896000,183872000,183872000,183871544,46,45
009e310875,10,j0298,560,0,1922000,207516000,207516000,207515440,56,55
009e310875,10,j0299,712,0,1928000,231538000,231538000,231537288,72,71
009e310875,10,j0300,674,0,1930000,226738000,226738000,226737326,68,67
009e310875,10,j0301,827,0,1938000,239900000,239900000,239899173,83,82
009e310875,10,j0302,691,0,1938000,229180000,229180000,229179309,70,69
009e310875,10,j0303,723,0,1940000,232388000,232388000,232387277,73,72
009e310875,10,j0304,637,0,1942000,220792000,220792000,220791363,64,63
009e310875,10,j0305,604,0,1944000,217656000,217656000,217655396,61,60
009e310875,10,j0306,835,0,1944000,240376000,240376000,240375165,84,83
009e310875,10,j0307,642,0,1948000,222430000,222430000,222429358,65,64
009e310875,10,j0308,469,0,1952000,186500000,186500000,186499531,47,46
009e310875,10,j0309,387,0,1962000,161684000,161684000,161683613,39,38
009e310875,10,j0310,450,0,1962000,180792000,180792000,180791550,45,44
009e310875,10,j0311,507,0,1980000,196550000,196550000,196549493,51,50
009e310875,10,j0312,661,0,1986000,225058000,225058000,225057339,67,66
009e310875,10,j0313,340,0,1998000,131976000,131976000,131975660,34,33
009e310875,10,j0314,851,0,2000000,241034000,241034000,241033149,86,85
009e310875,10,j0315,47,0,2000000,20014000,20014000,20013953,5,4
009e310875,10,j0316,323,0,2000000,127232000,127232000,127231677,33,32
009e310875,10,j0317,362,0,2010000,151356000,151356000,151355638,37,36
009e310875,10,j0318,690,0,2014000,228078000,228078000,228077310,69,68
009e310875,10,j0319,779,0,2026000,236754000,236754000,236753221,78,77
009e310875,10,j0320,848,0,2030000,240754000,240754000,240753152,85,84
009e310875,10,j0321,501,0,2032000,196572000,196572000,196571499,51,50
009e310875,10,j0322,673,0,2036000,226884000,226884000,226883327,68,67
009e310875,10,j0323,457,0,2036000,183976000,183976000,183975543,46,45
009e310875,10,j0324,432,0,2040000,177782000,177782000,177781568,44,43
009e310875,10,j0325,615,0,2052000,219658000,219658000,219657385,62,61
009e310875,10,j0326,573,0,2054000,211086000,211086000,211085427,58,57
009e310875,10,j0327,550,0,2054000,205538000,205538000,205537450,55,54
009e310875,10,j0328,876,0,2060000,241572000,241572000,241571124,88,87
009e310875,10,j0329,790,0,2058000,237650000,237650000,237649210,79,78
009e310875,10,j0330,667,0,2106000,225302000,225302000,225301333,67,66
009e310875,10,j0331,353,0,2112000,144884000,144884000,144883647,36,35
009e310875,10,j0332,467,0,2112000,186732000,186732000,186731533,47,46
009e310875,10,j0333,344,0,2114000,137888000,137888000,137887656,35,34
009e310875,10,j0334,577,0,2114000,211114000,211114000,211113423,58,57
009e310875,10,j0335,722,0,2114000,232536000,232536000,232535278,73,72
009e310875,10,j0336,399,0,2116000,163476000,163476000,163475601,40,39
009e310875,10,j0337,402,0,2130000,167200000,167200000,167199598,41,40
009e310875,10,j0338,568,0,2132000,209426000,209426000,209425432,57,56
009e310875,10,j0339,373,0,2136000,156980000,156980000,156979627,38,37
009e310875,10,j0340,858,0,2142000,241138000,241138000,241137142,86,85
009e310875,10,j0341,867,0,2146000,241246000,241246000,241245133,87,86
009e310875,10,j0342,799,0,2142000,238276000,238276000,238275201,80,79
009e310875,10,j0343,545,0,2154000,205702000,205702000,205701455,55,54
009e310875,10,j0344,808,0,2162000,238942000,238942000,238941192,81,80
009e310875,10,j0345,667,0,2174000,225344000,225344000,225343333,67,66
009e310875,10,j0346,733,0,2182000,233778000,233778000,233777267,74,73
009e310875,10,j0347,627,0,2186000,221670000,221670000,221669373,63,62
009e310875,10,j0348,644,0,2188000,222452000,222452000,222451356,65,64
009e310875,10,j0349,475,0,2188000,189300000,189300000,189299525,48,47
009e310875,10,j0350,721,0,2188000,232678000,232678000,232677279,73,72
009e310875,10,j0351,600,0,2194000,215666000,215666000,215665400,60,59
009e310875,10,j0352,806,0,2194000,238876000,238876000,238875194,81,80
009e310875,10,j0353,390,0,2194000,161892000,161892000,161891610,39,38
009e310875,10,j0354,558,0,2198000,207512000,207512000,207511442,56,55
009e310875,10,j0355,605,0,2210000,217998000,217998000,217997395,61,60
009e310875,10,j0356,820,0,2214000,239378000,239378000,239377180,82,81
009e310875,10,j0357,514,0,2212000,199106000,199106000,199105486,52,51
009e310875,10,j0358,486,0,2214000,191908000,191908000,191907514,49,48
009e310875,10,j0359,637,0,2216000,220864000,220864000,220863363,64,63
009e310875,10,j0360,410,0,2216000,167544000,167544000,167543590,41,40
009e310875,10,j0361,444,0,2224000,181150000,181150000,181149556,45,44
009e310875,10,j0362,845,0,2260000,240818000,240818000,240817155,85,84
009e310875,10,j0363,767,0,2264000,236082000,236082000,236081233,77,76
009e310875,10,j0364,815,0,2266000,239470000,239470000,239469185,82,81
009e310875,10,j0365,775,0,2274000,236876000,236876000,236875225,78,77
009e310875,10,j0366,402,0,2272000,167476000,167476000,167475598,41,40
009e310875,10,j0367,547,0,2272000,205782000,205782000,205781453,55,54
009e310875,10,j0368,754,0,2278000,235250000,235250000,235249246,76,75
009e310875,10,j0369,474,0,2280000,189562000,189562000,189561526,48,47
009e310875,10,j0370,633,0,2288000,220866000,220866000,220865367,64,63
009e310875,10,j0371,26,0,2286000,12038000,12038000,12037974,3,2
009e310875,10,j0372,869,0,2294000,241356000,241356000,241355131,87,86
009e310875,10,j0373,455,0,2294000,183982000,183982000,183981545,46,45
009e310875,10,j0374,455,0,2298000,184144000,184144000,184143545,46,45
009e310875,10,j0375,570,0,2302000,209340000,209340000,209339430,57,56
009e310875,10,j0376,548,0,2312000,205536000,205536000,205535452,55,54
009e310875,10,j0377,348,0,2338000,137944000,137944000,137943652,35,34
009e310875,10,j0378,644,0,2338000,222422000,222422000,222421356,65,64
009e310875,10,j0379,609,0,2342000,218070000,218070000,218069391,61,60
009e310875,10,j0380,845,0,2344000,240812000,240812000,240811155,85,84
009e310875,10,j0381,489,0,2354000,191972000,191972000,191971511,49,48
009e310875,10,j0382,807,0,2346000,238872000,238872000,238871193,81,80
009e310875,10,j0383,479,0,2352000,189408000,189408000,189407521,48,47
009e310875,10,j0384,670,0,2352000,225306000,225306000,225305330,67,66
009e310875,10,j0385,832,0,2358000,240400000,240400000,240399168,84,83
009e310875,10,j0386,663,0,2362000,225216000,225216000,225215337,67,66
009e310875,10,j0387,344,0,2368000,137810000,137810000,137809656,35,34
009e310875,10,j0388,310,0,2364000,117142000,117142000,117141690,31,30
009e310875,10,j0389,737,0,2364000,233644000,233644000,233643263,74,73
009e310875,10,j0390,403,0,2370000,167400000,167400000,167399597,41,40
009e310875,10,j0391,436,0,2374000,178238000,178238000,178237564,44,43
009e310875,10,j0392,402,0,2374000,167542000,167542000,167541598,41,40
009e310875,10,j0393,525,0,2376000,201388000,201388000,201387475,53,52
009e310875,10,j0394,870,0,2410000,241344000,241344000,241343130,87,86
009e310875,10,j0395,381,0,2418000,162300000,162300000,162299619,39,38
009e310875,10,j0396,482,0,2420000,191974000,191974000,191973518,49,48
009e310875,10,j0397,725,0,2422000,232668000,232668000,232667275,73,72
009e310875,10,j0398,305,0,2424000,117164000,117164000,117163695,31,30
009e310875,10,j0399,711,0,2424000,231612000,231612000,231611289,72,71
009e310875,10,j0400,599,0,2428000,215744000,215744000,215743401,60,59
009e310875,10,j0401,542,0,2428000,205728000,205728000,205727458,55,54
009e310875,10,j0402,790,0,2434000,237830000,237830000,237829210,79,78
009e310875,10,j0403,634,0,2434000,221050000,221050000,221049366,64,63
009e310875,10,j0404,795,0,2440000,238324000,238324000,238323205,80,79
009e310875,10,j0405,733,0,2438000,233680000,233680000,233679267,74,73
009e310875,10,j0406,365,0,2440000,152422000,152422000,152421635,37,36
009e310875,10,j0407,888,0,2440000,241646000,241646000,241645112,89,88
009e310875,10,j0408,12,0,2444000,7866000,7866000,7865988,2,1
009e310875,10,j0409,591,0,2466000,215812000,215812000,215811409,60,59
009e310875,10,j0410,29,0,2474000,12294000,12294000,12293971,3,2
009e310875,10,j0411,426,0,2476000,174510000,174510000,174509574,43,42
009e310875,10,j0412,541,0,2476000,205776000,205776000,205775459,55,54
009e310875,10,j0413,552,0,2484000,207728000,207728000,207727448,56,55
009e310875,10,j0414,641,0,2486000,222552000,222552000,222551359,65,64
009e310875,10,j0415,830,0,2486000,240006000,240006000,240005170,83,82
009e310875,10,j0416,337,0,2490000,132260000,132260000,132259663,34,33
009e310875,10,j0417,331,0,2490000,132280000,132280000,132279669,34,33
009e310875,10,j0418,348,0,2490000,138088000,138088000,138087652,35,34
009e310875,10,j0419,371,0,2494000,157954000,157954000,157953629,38,37
009e310875,10,j0420,627,0,2496000,221798000,221798000,221797373,63,62
009e310875,10,j0421,427,0,2494000,174418000,174418000,174417573,43,42
009e310875,10,j0422,609,0,2496000,218068000,218068000,218067391,61,60
009e310875,10,j0423,333,0,2504000,132376000,132376000,132375667,34,33
009e310875,10,j0424,39,0,2506000,16400000,16400000,16399961,4,3
009e310875,10,j0425,47,0,2508000,20346000,20346000,20345953,5,4
009e310875,10,j0426,689,0,2568000,228238000,228238000,228237311,69,68
009e310875,10,j0427,660,0,2568000,223722000,223722000,223721340,66,65
009e310875,10,j0428,475,0,2574000,189412000,189412000,189411525,48,47
009e310875,10,j0429,435,0,2578000,178238000,178238000,178237565,44,43
009e310875,10,j0430,799,0,2578000,238340000,238340000,238339201,80,79
009e310875,10,j0431,317,0,2580000,122566000,122566000,122565683,32,31
009e310875,10,j0432,875,0,2582000,241570000,241570000,241569125,88,87
009e310875,10,j0433,467,0,2592000,186918000,186918000,186917533,47,46
009e310875,10,j0434,646,0,2602000,222524000,222524000,222523354,65,64
009e310875,10,j0435,35,0,2604000,16340000,16340000,16339965,4,3
009e310875,10,j0436,321,0,2610000,128068000,128068000,128067679,33,32
009e310875,10,j0437,810,0,2608000,238868000,238868000,238867190,81,80
009e310875,10,j0438,798,0,2608000,238328000,238328000,238327202,80,79
009e310875,10,j0439,623,0,2620000,221790000,221790000,221789377,63,62
009e310875,10,j0440,543,0,2634000,205792000,205792000,205791457,55,54
009e310875,10,j0441,486,0,2650000,192024000,192024000,192023514,49,48
009e310875,10,j0442,490,0,2652000,191980000,191980000,191979510,49,48
009e310875,10,j0443,660,0,2658000,223966000,223966000,223965340,66,65
009e310875,10,j0444,646,0,2658000,222576000,222576000,222575354,65,64
009e310875,10,j0445,567,0,2660000,209668000,209668000,209667433,57,56
009e310875,10,j0446,601,0,2662000,217998000,217998000,217997399,61,60
009e310875,10,j0447,356,0,2660000,145036000,145036000,145035644,36,35
009e310875,10,j0448,547,0,2662000,205828000,205828000,205827453,55,54
009e310875,10,j0449,774,0,2670000,236868000,236868000,236867226,78,77
009e310875,10,j0450,731,0,2674000,233644000,233644000,233643269,74,73
009e310875,10,j0451,475,0,2678000,189626000,189626000,189625525,48,47
009e310875,10,j0452,466,0,2678000,187094000,187094000,187093534,47,46
009e310875,10,j0453,722,0,2682000,232680000,232680000,232679278,73,72
009e310875,10,j0454,463,0,2690000,187100000,187100000,187099537,47,46
009e310875,10,j0455,568,0,2690000,209820000,209820000,209819432,57,56
009e310875,10,j0456,408,0,2694000,168144000,168144000,168143592,41,40
009e310875,10,j0457,316,0,2700000,122462000,122462000,122461684,32,31
009e310875,10,j0458,658,0,2732000,223848000,223848000,223847342,66,65
009e310875,10,j0459,539,0,2736000,203802000,203802000,203801461,54,53
009e310875,10,j0460,491,0,2738000,194472000,194472000,194471509,50,49
009e310875,10,j0461,540,0,2740000,203770000,203770000,203769460,54,53
009e310875,10,j0462,606,0,2742000,218114000,218114000,218113394,61,60
009e310875,10,j0463,45,0,2752000,20520000,20520000,20519955,5,4
009e310875,10,j0464,785,0,2746000,237762000,237762000,237761215,79,78
009e310875,10,j0465,660,0,2752000,223912000,223912000,223911340,66,65
009e310875,10,j0466,820,0,2760000,239524000,239524000,239523180,82,81
009e310875,10,j0467,870,0,2758000,241356000,241356000,241355130,87,86
009e310875,10,j0468,366,0,2758000,152104000,152104000,152103634,37,36
009e310875,10,j0469,355,0,2760000,145534000,145534000,145533645,36,35
009e310875,10,j0470,537,0,2760000,203934000,203934000,203933463,54,53
009e310875,10,j0471,718,0,2762000,231618000,231618000,231617282,72,71
009e310875,10,j0472,896,0,2770000,241706000,241706000,241705104,90,89
009e310875,10,j0473,813,0,2798000,239496000,239496000,239495187,82,81
009e310875,10,j0474,806,0,2802000,238896000,238896000,238895194,81,80
009e310875,10,j0475,568,0,2810000,209622000,209622000,209621432,57,56
009e310875,10,j0476,747,0,2814000,234644000,234644000,234643253,75,74
009e310875,10,j0477,839,0,2816000,240448000,240448000,240447161,84,83
009e310875,10,j0478,540,0,2816000,203766000,203766000,203765460,54,53
009e310875,10,j0479,440,0,2816000,178314000,178314000,178313560,44,43
009e310875,10,j0480,313,0,2818000,122800000,122800000,122799687,32,31
009e310875,10,j0481,699,0,2820000,229352000,229352000,229351301,70,69
009e310875,10,j0482,658,0,2820000,223900000,223900000,223899342,66,65
009e310875,10,j0483,49,0,2824000,20602000,20602000,20601951,5,4
009e310875,10,j0484,464,0,2832000,187100000,187100000,187099536,47,46
009e310875,10,j0485,692,0,2826000,229314000,229314000,229313308,70,69
009e310875,10,j0486,874,0,2832000,241578000,241578000,241577126,88,87
009e310875,10,j0487,672,0,2834000,227070000,227070000,227069328,68,67
009e310875,10,j0488,673,0,2832000,226956000,226956000,226955327,68,67
009e310875,10,j0489,375,0,2842000,157936000,157936000,157935625,38,37
009e310875,10,j0490,651,0,2888000,224004000,224004000,224003349,66,65
009e310875,10,j0491,437,0,2892000,178296000,178296000,178295563,44,43
009e310875,10,j0492,591,0,2900000,215966000,215966000,215965409,60,59
009e310875,10,j0493,758,0,2898000,235378000,235378000,235377242,76,75
009e310875,10,j0494,426,0,2900000,174568000,174568000,174567574,43,42
009e310875,10,j0495,832,0,2902000,240620000,240620000,240619168,84,83
009e310875,10,j0496,560,0,2900000,207954000,207954000,207953440,56,55
009e310875,10,j0497,616,0,2908000,220032000,220032000,220031384,62,61
009e310875,10,j0498,629,0,2918000,221928000,221928000,221927371,63,62
009e310875,10,j0499,487,0,2904000,192088000,192088000,192087513,49,48
009e310875,10,j0500,520,0,2910000,199512000,199512000,199511480,52,51
009e310875,10,j0501,436,0,2918000,178372000,178372000,178371564,44,43
009e310875,10,j0502,490,0,2924000,192362000,192362000,192361510,49,48
009e310875,10,j0503,845,0,2924000,240878000,240878000,240877155,85,84
009e310875,10,j0504,464,0,2928000,187368000,187368000,187367536,47,46
009e310875,10,j0505,375,0,2966000,158422000,158422000,158421625,38,37
009e310875,10,j0506,880,0,2974000,241566000,241566000,241565120,88,87
009e310875,10,j0507,566,0,2976000,209902000,209902000,209901434,57,56
009e310875,10,j0508,731,0,2980000,233750000,233750000,233749269,74,73
009e310875,10,j0509,812,0,2980000,239638000,239638000,239637188,82,81
009e310875,10,j0510,840,0,2982000,240578000,240578000,240577160,84,83
009e310875,10,j0511,524,0,2984000,201778000,201778000,201777476,53,52
009e310875,10,j0512,496,0,2984000,194806000,194806000,194805504,50,49
009e310875,10,j0513,647,0,2994000,222766000,222766000,222765353,65,64
009e310875,10,j0514,432,0,3008000,178448000,178448000,178447568,44,43
009e310875,10,j0515,656,0,3012000,223902000,223902000,223901344,66,65
009e310875,10,j0516,590,0,3012000,213758000,213758000,213757410,59,58
009e310875,10,j0517,409,0,3014000,168122000,168122000,168121591,41,40
009e310875,10,j0518,519,0,3016000,199494000,199494000,199493481,52,51
009e310875,10,j0519,380,0,3014000,158248000,158248000,158247620,38,37
009e310875,10,j0520,832,0,3016000,240462000,240462000,240461168,84,83
009e310875,10,j0521,472,0,3018000,189728000,189728000,189727528,48,47
009e310875,10,j0522,313,0,3054000,123014000,123014000,123013687,32,31
009e310875,10,j0523,893,0,3054000,241746000,241746000,241745107,90,89
009e310875,10,j0524,419,0,3056000,171690000,171690000,171689581,42,41
009e310875,10,j0525,362,0,3056000,152622000,152622000,152621638,37,36
009e310875,10,j0526,472,0,3060000,189784000,189784000,189783528,48,47
009e310875,10,j0527,403,0,3058000,167956000,167956000,167955597,41,40
009e310875,10,j0528,569,0,3060000,209730000,209730000,209729431,57,56
009e310875,10,j0529,702,0,3060000,230636000,230636000,230635298,71,70
009e310875,10,j0530,869,0,3062000,241406000,241406000,241405131,87,86
009e310875,10,j0531,584,0,3062000,213996000,213996000,213995416,59,58
009e310875,10,j0532,14,0,3064000,8460000,8460000,8459986,2,1
009e310875,10,j0533,462,0,3074000,187350000,187350000,187349538,47,46
009e310875,10,j0534,610,0,3086000,218178000,218178000,218177390,61,60
009e310875,10,j0535,836,0,3074000,240568000,240568000,240567164,84,83
009e310875,10,j0536,362,0,3082000,152690000,152690000,152689638,37,36
009e310875,10,j0537,865,0,3130000,241404000,241404000,241403135,87,86
009e310875,10,j0538,382,0,3134000,162898000,162898000,162897618,39,38
009e310875,10,j0539,702,0,3136000,230614000,230614000,230613298,71,70
009e310875,10,j0540,461,0,3136000,187270000,187270000,187269539,47,46
009e310875,10,j0541,474,0,3138000,189842000,189842000,189841526,48,47
009e310875,10,j0542,785,0,3150000,237808000,237808000,237807215,79,78
009e310875,10,j0543,506,0,3154000,197102000,197102000,197101494,51,50
009e310875,10,j0544,321,0,3150000,128634000,128634000,128633679,33,32
009e310875,10,j0545,780,0,3154000,237098000,237098000,237097220,78,77
009e310875,10,j0546,862,0,3170000,241408000,241408000,241407138,87,86
009e310875,10,j0547,307,0,3160000,118022000,118022000,118021693,31,30
009e310875,10,j0548,20,0,3162000,8478000,8478000,8477980,2,1
009e310875,10,j0549,832,0,3170000,240594000,240594000,240593168,84,83
009e310875,10,j0550,350,0,3168000,138882000,138882000,138881650,35,34
009e310875,10,j0551,825,0,3172000,239988000,239988000,239987175,83,82
009e310875,10,j0552,733,0,3174000,233822000,233822000,233821267,74,73
009e310875,10,j0553,752,0,3174000,235440000,235440000,235439248,76,75
009e310875,10,j0554,442,0,3218000,181494000,181494000,181493558,45,44
009e310875,10,j0555,331,0,3220000,132772000,132772000,132771669,34,33
009e310875,10,j0556,411,0,3222000,171500000,171500000,171499589,42,41
009e310875,10,j0557,554,0,3222000,208058000,208058000,208057446,56,55
009e310875,10,j0558,531,0,3222000,203926000,203926000,203925469,54,53
009e310875,10,j0559,890,0,3228000,241716000,241716000,241715110,89,88
009e310875,10,j0560,749,0,3236000,234652000,234652000,234651251,75,74
009e310875,10,j0561,453,0,3248000,184578000,184578000,184577547,46,45
009e310875,10,j0562,800,0,3248000,238400000,238400000,238399200,80,79
009e310875,10,j0563,861,0,3252000,241358000,241358000,241357139,87,86
009e310875,10,j0564,496,0,3254000,194604000,194604000,194603504,50,49
009e310875,10,j0565,726,0,3258000,232666000,232666000,232665274,73,72
009e310875,10,j0566,875,0,3260000,241582000,241582000,241581125,88,87
009e310875,10,j0567,849,0,3264000,240858000,240858000,240857151,85,84
009e310875,10,j0568,390,0,3264000,162628000,162628000,162627610,39,38
009e310875,10,j0569,572,0,3296000,211534000,211534000,211533428,58,57
009e310875,10,j0570,612,0,3302000,220316000,220316000,220315388,62,61
009e310875,10,j0571,460,0,3302000,184666000,184666000,184665540,46,45
009e310875,10,j0572,868,0,3306000,241356000,241356000,241355132,87,86
009e310875,10,j0573,850,0,3304000,240864000,240864000,240863150,85,84
009e310875,10,j0574,317,0,3312000,122966000,122966000,122965683,32,31
009e310875,10,j0575,314,0,3314000,122966000,122966000,122965686,32,31
009e310875,10,j0576,706,0,3314000,230890000,230890000,230889294,71,70
009e310875,10,j0577,490,0,3318000,192308000,192308000,192307510,49,48
009e310875,10,j0578,774,0,3320000,237098000,237098000,237097226,78,77
009e310875,10,j0579,682,0,3322000,228470000,228470000,228469318,69,68
009e310875,10,j0580,436,0,3324000,178678000,178678000,178677564,44,43
009e310875,10,j0581,496,0,3324000,194816000,194816000,194815504,50,49
009e310875,10,j0582,496,0,3326000,194802000,194802000,194801504,50,49
009e310875,10,j0583,802,0,3326000,239160000,239160000,239159198,81,80
009e310875,10,j0584,450,0,3328000,181854000,181854000,181853550,45,44
009e310875,10,j0585,853,0,3334000,241212000,241212000,241211147,86,85
009e310875,10,j0586,900,0,3360000,241764000,241764000,241763100,90,89
009e310875,10,j0587,48,0,3364000,20970000,20970000,20969952,5,4
009e310875,10,j0588,658,0,3366000,224082000,224082000,224081342,66,65
009e310875,10,j0589,685,0,3366000,228466000,228466000,228465315,69,68
009e310875,10,j0590,617,0,3372000,220490000,220490000,220489383,62,61
009e310875,10,j0591,352,0,3376000,146554000,146554000,146553648,36,35
009e310875,10,j0592,348,0,3384000,139528000,139528000,139527652,35,34
009e310875,10,j0593,445,0,3386000,181876000,181876000,181875555,45,44
009e310875,10,j0594,446,0,3386000,181742000,181742000,181741554,45,44
009e310875,10,j0595,38,0,3392000,17226000,17226000,17225962,4,3
009e310875,10,j0596,515,0,3396000,199762000,199762000,199761485,52,51
009e310875,10,j0597,594,0,3396000,216338000,216338000,216337406,60,59
009e310875,10,j0598,397,0,3400000,164906000,164906000,164905603,40,39
009e310875,10,j0599,336,0,3400000,132952000,132952000,132951664,34,33
009e310875,10,j0600,40,0,3406000,17232000,17232000,17231960,4,3
009e310875,10,j0601,694,0,3440000,229506000,229506000,229505306,70,69
009e310875,10,j0602,394,0,3444000,164582000,164582000,164581606,40,39
009e310875,10,j0603,611,0,3448000,220454000,220454000,220453389,62,61
009e310875,10,j0604,682,0,3446000,228426000,228426000,228425318,69,68
009e310875,10,j0605,495,0,3448000,194824000,194824000,194823505,50,49
009e310875,10,j0606,896,0,3454000,241718000,241718000,241717104,90,89
009e310875,10,j0607,796,0,3460000,238456000,238456000,238455204,80,79
009e310875,10,j0608,820,0,3460000,239706000,239706000,239705180,82,81
009e310875,10,j0609,623,0,3462000,222126000,222126000,222125377,63,62
009e310875,10,j0610,442,0,3466000,181918000,181918000,181917558,45,44
009e310875,10,j0611,513,0,3468000,199764000,199764000,199763487,52,51
009e310875,10,j0612,641,0,3470000,222746000,222746000,222745359,65,64
009e310875,10,j0613,511,0,3474000,199830000,199830000,199829489,52,51
009e310875,10,j0614,749,0,3476000,234758000,234758000,234757251,75,74
009e310875,10,j0615,712,0,3478000,231912000,231912000,231911288,72,71
009e310875,10,j0616,488,0,3476000,192514000,192514000,192513512,49,48
009e310875,10,j0617,356,0,3480000,146402000,146402000,146401644,36,35
009e310875,10,j0618,661,0,3510000,225732000,225732000,225731339,67,66
009e310875,10,j0619,578,0,3520000,211654000,211654000,211653422,58,57
009e310875,10,j0620,373,0,3546000,158552000,158552000,158551627,38,37
009e310875,10,j0621,719,0,3522000,231904000,231904000,231903281,72,71
009e310875,10,j0622,592,0,3526000,216346000,216346000,216345408,60,59
009e310875,10,j0623,732,0,3524000,233988000,233988000,233987268,74,73
009e310875,10,j0624,763,0,3526000,236250000,236250000,236249237,77,76
009e310875,10,j0625,633,0,3526000,221328000,221328000,221327367,64,63
009e310875,10,j0626,367,0,3544000,153460000,153460000,153459633,37,36
009e310875,10,j0627,415,0,3546000,171870000,171870000,171869585,42,41
009e310875,10,j0628,512,0,3556000,200020000,200020000,200019488,52,51
009e310875,10,j0629,735,0,3566000,234020000,234020000,234019265,74,73
009e310875,10,j0630,417,0,3558000,171876000,171876000,171875583,42,41
009e310875,10,j0631,305,0,3566000,118650000,118650000,118649695,31,30
009e310875,10,j0632,643,0,3554000,222912000,222912000,222911357,65,64
009e310875,10,j0633,896,0,3630000,241762000,241762000,241761104,90,89
009e310875,10,j0634,687,0,3630000,228550000,228550000,228549313,69,68
009e310875,10,j0635,437,0,3632000,178840000,178840000,178839563,44,43
009e310875,10,j0636,471,0,3634000,189920000,189920000,189919529,48,47
009e310875,10,j0637,852,0,3638000,241152000,241152000,241151148,86,85
009e310875,10,j0638,407,0,3640000,168412000,168412000,168411593,41,40
009e310875,10,j0639,658,0,3644000,224182000,224182000,224181342,66,65
009e310875,10,j0640,642,0,3642000,222810000,222810000,222809358,65,64
009e310875,10,j0641,454,0,3642000,184830000,184830000,184829546,46,45
009e310875,10,j0642,500,0,3650000,194914000,194914000,194913500,50,49
009e310875,10,j0643,414,0,3664000,171926000,171926000,171925586,42,41
009e310875,10,j0644,581,0,3662000,214218000,214218000,214217419,59,58
009e310875,10,j0645,568,0,3666000,210060000,210060000,210059432,57,56
009e310875,10,j0646,867,0,3666000,241322000,241322000,241321133,87,86
009e310875,10,j0647,383,0,3670000,163388000,163388000,163387617,39,38
009e310875,10,j0648,479,0,3668000,190182000,190182000,190181521,48,47
009e310875,10,j0649,506,0,3670000,197106000,197106000,197105494,51,50
009e310875,10,j0650,541,0,3728000,206228000,206228000,206227459,55,54
009e310875,10,j0651,703,0,3726000,230904000,230904000,230903297,71,70
009e310875,10,j0652,671,0,3742000,227238000,227238000,227237329,68,67
009e310875,10,j0653,531,0,3738000,204204000,204204000,204203469,54,53
009e310875,10,j0654,505,0,3740000,197216000,197216000,197215495,51,50
009e310875,10,j0655,394,0,3748000,165008000,165008000,165007606,40,39
009e310875,10,j0656,509,0,3748000,197356000,197356000,197355491,51,50
009e310875,10,j0657,488,0,3752000,192574000,192574000,192573512,49,48
009e310875,10,j0658,470,0,3754000,187596000,187596000,187595530,47,46
009e310875,10,j0659,511,0,3754000,199822000,199822000,199821489,52,51
009e310875,10,j0660,463,0,3760000,187664000,187664000,187663537,47,46
009e310875,10,j0661,342,0,3762000,140094000,140094000,140093658,35,34
009e310875,10,j0662,374,0,3764000,158928000,158928000,158927626,38,37
009e310875,10,j0663,857,0,3766000,241200000,241200000,241199143,86,85
009e310875,10,j0664,519,0,3786000,199830000,199830000,199829481,52,51
009e310875,10,j0665,694,0,3830000,229640000,229640000,229639306,70,69
009e310875,10,j0666,25,0,3844000,13186000,13186000,13185975,3,2
009e310875,10,j0667,36,0,3846000,17474000,17474000,17473964,4,3
009e310875,10,j0668,565,0,3850000,210058000,210058000,210057435,57,56
009e310875,10,j0669,628,0,3852000,222258000,222258000,222257372,63,62
009e310875,10,j0670,530,0,3854000,202040000,202040000,202039470,53,52
009e310875,10,j0671,764,0,3856000,236410000,236410000,236409236,77,76
009e310875,10,j0672,796,0,3858000,238432000,238432000,238431204,80,79
009e310875,10,j0673,588,0,3862000,214150000,214150000,214149412,59,58
009e310875,10,j0674,769,0,3860000,236244000,236244000,236243231,77,76
009e310875,10,j0675,685,0,3862000,228646000,228646000,228645315,69,68
009e310875,10,j0676,375,0,3864000,159204000,159204000,159203625,38,37
009e310875,10,j0677,367,0,3876000,153482000,153482000,153481633,37,36
009e310875,10,j0678,862,0,3874000,241416000,241416000,241415138,87,86
009e310875,10,j0679,635,0,3888000,221456000,221456000,221455365,64,63
009e310875,10,j0680,773,0,3886000,237018000,237018000,237017227,78,77
009e310875,10,j0681,845,0,3896000,240864000,240864000,240863155,85,84
009e310875,10,j0682,22,0,3924000,13278000,13278000,13277978,3,2
009e310875,10,j0683,844,0,3930000,240920000,240920000,240919156,85,84
009e310875,10,j0684,699,0,3930000,229680000,229680000,229679301,70,69
009e310875,10,j0685,838,0,3934000,240626000,240626000,240625162,84,83
009e310875,10,j0686,516,0,3940000,199896000,199896000,199895484,52,51
009e310875,10,j0687,540,0,3942000,204262000,204262000,204261460,54,53
009e310875,10,j0688,566,0,3944000,210010000,210010000,210009434,57,56
009e310875,10,j0689,700,0,3944000,229718000,229718000,229717300,70,69
009e310875,10,j0690,508,0,3952000,197552000,197552000,197551492,51,50
009e310875,10,j0691,667,0,3948000,225900000,225900000,225899333,67,66
009e310875,10,j0692,778,0,3948000,237126000,237126000,237125222,78,77
009e310875,10,j0693,591,0,3948000,216536000,216536000,216535409,60,59
009e310875,10,j0694,425,0,3950000,175576000,175576000,175575575,43,42
009e310875,10,j0695,305,0,3954000,118742000,118742000,118741695,31,30
009e310875,10,j0696,687,0,3976000,228526000,228526000,228525313,69,68
009e310875,10,j0697,624,0,4098000,222158000,222158000,222157376,63,62
009e310875,10,j0698,710,0,4100000,230968000,230968000,230967290,71,70
009e310875,10,j0699,789,0,4110000,237804000,237804000,237803211,79,78
009e310875,10,j0700,383,0,4112000,163582000,163582000,163581617,39,38
009e310875,10,j0701,501,0,4112000,197430000,197430000,197429499,51,50
009e310875,10,j0702,572,0,4114000,211962000,211962000,211961428,58,57
009e310875,10,j0703,481,0,4114000,192668000,192668000,192667519,49,48
009e310875,10,j0704,727,0,4116000,232914000,232914000,232913273,73,72
009e310875,10,j0705,311,0,4116000,124082000,124082000,124081689,32,31
009e310875,10,j0706,618,0,4128000,220480000,220480000,220479382,62,61
009e310875,10,j0707,371,0,4120000,158926000,158926000,158925629,38,37
009e310875,10,j0708,564,0,4122000,210054000,210054000,210053436,57,56
009e310875,10,j0709,29,0,4140000,13378000,13378000,13377971,3,2
009e310875,10,j0710,483,0,4146000,192724000,192724000,192723517,49,48
009e310875,10,j0711,509,0,4146000,197432000,197432000,197431491,51,50
009e310875,10,j0712,666,0,4148000,226004000,226004000,226003334,67,66
009e310875,10,j0713,399,0,4176000,165202000,165202000,165201601,40,39
009e310875,10,j0714,398,0,4208000,165278000,165278000,165277602,40,39
009e310875,10,j0715,893,0,4208000,241758000,241758000,241757107,90,89
009e310875,10,j0716,688,0,4214000,228532000,228532000,228531312,69,68
009e310875,10,j0717,439,0,4220000,178850000,178850000,178849561,44,43
009e310875,10,j0718,885,0,4218000,241656000,241656000,241655115,89,88
009e310875,10,j0719,406,0,4220000,168972000,168972000,168971594,41,40
009e310875,10,j0720,349,0,4222000,140238000,140238000,140237651,35,34
009e310875,10,j0721,516,0,4230000,199908000,199908000,199907484,52,51
009e310875,10,j0722,535,0,4232000,204160000,204160000,204159465,54,53
009e310875,10,j0723,893,0,4234000,241752000,241752000,241751107,90,89
009e310875,10,j0724,475,0,4238000,190258000,190258000,190257525,48,47
009e310875,10,j0725,509,0,4240000,197628000,197628000,197627491,51,50
009e310875,10,j0726,358,0,4240000,146686000,146686000,146685642,36,35
009e310875,10,j0727,496,0,4242000,194960000,194960000,194959504,50,49
009e310875,10,j0728,879,0,4252000,241584000,241584000,241583121,88,87
009e310875,10,j0729,752,0,4264000,235608000,235608000,235607248,76,75
009e310875,10,j0730,803,0,4280000,239170000,239170000,239169197,81,80
009e310875,10,j0731,587,0,4282000,214248000,214248000,214247413,59,58
009e310875,10,j0732,767,0,4284000,236304000,236304000,236303233,77,76
009e310875,10,j0733,574,0,4290000,211848000,211848000,211847426,58,57
009e310875,10,j0734,460,0,4292000,185086000,185086000,185085540,46,45
009e310875,10,j0735,455,0,4294000,185218000,185218000,185217545,46,45
009e310875,10,j0736,560,0,4296000,208386000,208386000,208385440,56,55
009e310875,10,j0737,729,0,4298000,232964000,232964000,232963271,73,72
009e310875,10,j0738,433,0,4302000,178792000,178792000,178791567,44,43
009e310875,10,j0739,412,0,4306000,172278000,172278000,172277588,42,41
009e310875,10,j0740,449,0,4308000,182218000,182218000,182217551,45,44
009e310875,10,j0741,557,0,4308000,208286000,208286000,208285443,56,55
009e310875,10,j0742,423,0,4314000,175650000,175650000,175649577,43,42
009e310875,10,j0743,8,0,4316000,4316000,4316000,4315992,1,0
009e310875,10,j0744,663,0,4318000,225922000,225922000,225921337,67,66
009e310875,10,j0745,329,0,4326000,129554000,129554000,129553671,33,32
009e310875,10,j0746,539,0,4368000,204528000,204528000,204527461,54,53
009e310875,10,j0747,574,0,4370000,211852000,211852000,211851426,58,57
009e310875,10,j0748,668,0,4372000,225866000,225866000,225865332,67,66
009e310875,10,j0749,336,0,4372000,134056000,134056000,134055664,34,33
009e310875,10,j0750,676,0,4386000,227252000,227252000,227251324,68,67
009e310875,10,j0751,659,0,4374000,224250000,224250000,224249341,66,65
009e310875,10,j0752,610,0,4388000,218674000,218674000,218673390,61,60
009e310875,10,j0753,497,0,4388000,195130000,195130000,195129503,50,49
009e310875,10,j0754,377,0,4378000,159284000,159284000,159283623,38,37
009e310875,10,j0755,623,0,4388000,222430000,222430000,222429377,63,62
009e310875,10,j0756,669,0,4400000,226018000,226018000,226017331,67,66
009e310875,10,j0757,531,0,4402000,204406000,204406000,204405469,54,53
009e310875,10,j0758,715,0,4404000,232036000,232036000,232035285,72,71
009e310875,10,j0759,350,0,4406000,140266000,140266000,140265650,35,34
009e310875,10,j0760,328,0,4406000,129518000,129518000,129517672,33,32
009e310875,10,j0761,32,0,4414000,17858000,17858000,17857968,4,3
009e310875,10,j0762,319,0,4446000,123972000,123972000,123971681,32,31
009e310875,10,j0763,733,0,4450000,233972000,233972000,233971267,74,73
009e310875,10,j0764,49,0,4450000,21816000,21816000,21815951,5,4
009e310875,10,j0765,317,0,4450000,124334000,124334000,124333683,32,31
009e310875,10,j0766,373,0,4452000,159344000,159344000,159343627,38,37
009e310875,10,j0767,361,0,4456000,153748000,153748000,153747639,37,36
009e310875,10,j0768,420,0,4456000,172286000,172286000,172285580,42,41
009e310875,10,j0769,825,0,4458000,240090000,240090000,240089175,83,82
009e310875,10,j0770,336,0,4462000,133732000,133732000,133731664,34,33
009e310875,10,j0771,779,0,4462000,237256000,237256000,237255221,78,77
009e310875,10,j0772,404,0,4464000,169056000,169056000,169055596,41,40
009e310875,10,j0773,342,0,4464000,140426000,140426000,140425658,35,34
009e310875,10,j0774,557,0,4488000,208272000,208272000,208271443,56,55
009e310875,10,j0775,632,0,4470000,221766000,221766000,221765368,64,63
009e310875,10,j0776,852,0,4472000,241210000,241210000,241209148,86,85
009e310875,10,j0777,566,0,4506000,210166000,210166000,210165434,57,56
009e310875,10,j0778,486,0,4566000,193020000,193020000,193019514,49,48
009e310875,10,j0779,630,0,4570000,222308000,222308000,222307370,63,62
009e310875,10,j0780,645,0,4572000,223094000,223094000,223093355,65,64
009e310875,10,j0781,499,0,4572000,195132000,195132000,195131501,50,49
009e310875,10,j0782,464,0,4574000,187730000,187730000,187729536,47,46
009e310875,10,j0783,790,0,4576000,238010000,238010000,238009210,79,78
009e310875,10,j0784,424,0,4578000,175426000,175426000,175425576,43,42
009e310875,10,j0785,449,0,4594000,182360000,182360000,182359551,45,44
009e310875,10,j0786,592,0,4604000,216760000,216760000,216759408,60,59
009e310875,10,j0787,844,0,4608000,240982000,240982000,240981156,85,84
009e310875,10,j0788,660,0,4604000,224320000,224320000,224319340,66,65
009e310875,10,j0789,748,0,4604000,234916000,234916000,234915252,75,74
009e310875,10,j0790,748,0,4604000,234822000,234822000,234821252,75,74
009e310875,10,j0791,544,0,4606000,206592000,206592000,206591456,55,54
009e310875,10,j0792,745,0,4606000,234914000,234914000,234913255,75,74
009e310875,10,j0793,342,0,4606000,140650000,140650000,140649658,35,34
009e310875,10,j0794,311,0,4682000,124600000,124600000,124599689,32,31
009e310875,10,j0795,453,0,4684000,185138000,185138000,185137547,46,45
009e310875,10,j0796,864,0,4684000,241466000,241466000,241465136,87,86
009e310875,10,j0797,882,0,4684000,241706000,241706000,241705118,89,88
009e310875,10,j0798,591,0,4686000,216862000,216862000,216861409,60,59
009e310875,10,j0799,524,0,4690000,202382000,202382000,202381476,53,52
009e310875,10,j0800,839,0,4688000,240686000,240686000,240685161,84,83
009e310875,10,j0801,684,0,4690000,228712000,228712000,228711316,69,68
009e310875,10,j0802,710,0,4694000,231080000,231080000,231079290,71,70
009e310875,10,j0803,656,0,4694000,224606000,224606000,224605344,66,65
009e310875,10,j0804,521,0,4718000,202390000,202390000,202389479,53,52
009e310875,10,j0805,535,0,4718000,204424000,204424000,204423465,54,53
009e310875,10,j0806,892,0,4724000,241760000,241760000,241759108,90,89
009e310875,10,j0807,394,0,4732000,165654000,165654000,165653606,40,39
009e310875,10,j0808,888,0,4736000,241698000,241698000,241697112,89,88
009e310875,10,j0809,306,0,4734000,119096000,119096000,119095694,31,30
009e310875,10,j0810,375,0,4786000,159410000,159410000,159409625,38,37
009e310875,10,j0811,683,0,4802000,228720000,228720000,228719317,69,68
009e310875,10,j0812,745,0,4804000,234918000,234918000,234917255,75,74
009e310875,10,j0813,562,0,4804000,210380000,210380000,210379438,57,56
009e310875,10,j0814,404,0,4806000,169360000,169360000,169359596,41,40
009e310875,10,j0815,436,0,4808000,179564000,179564000,179563564,44,43
009e310875,10,j0816,457,0,4808000,185086000,185086000,185085543,46,45
009e310875,10,j0817,792,0,4810000,238494000,238494000,238493208,80,79
009e310875,10,j0818,328,0,4810000,130112000,130112000,130111672,33,32
009e310875,10,j0819,717,0,4810000,232096000,232096000,232095283,72,71
009e310875,10,j0820,14,0,4814000,9630000,9630000,9629986,2,1
009e310875,10,j0821,432,0,4818000,179296000,179296000,179295568,44,43
009e310875,10,j0822,705,0,4818000,231162000,231162000,231161295,71,70
009e310875,10,j0823,859,0,4824000,241216000,241216000,241215141,86,85
009e310875,10,j0824,756,0,4838000,235562000,235562000,235561244,76,75
009e310875,10,j0825,489,0,4840000,193078000,193078000,193077511,49,48
009e310875,10,j0826,713,0,4894000,232154000,232154000,232153287,72,71
009e310875,10,j0827,709,0,4896000,231158000,231158000,231157291,71,70
009e310875,10,j0828,473,0,4898000,190326000,190326000,190325527,48,47
009e310875,10,j0829,724,0,4900000,233046000,233046000,233045276,73,72
009e310875,10,j0830,533,0,4902000,204462000,204462000,204461467,54,53
009e310875,10,j0831,825,0,4908000,240256000,240256000,240255175,83,82
009e310875,10,j0832,672,0,4908000,227338000,227338000,227337328,68,67
009e310875,10,j0833,615,0,4908000,220868000,220868000,220867385,62,61
009e310875,10,j0834,821,0,4910000,240246000,240246000,240245179,83,82
009e310875,10,j0835,36,0,4916000,18118000,18118000,18117964,4,3
009e310875,10,j0836,381,0,4924000,164090000,164090000,164089619,39,38
009e310875,10,j0837,538,0,4932000,204548000,204548000,204547462,54,53
009e310875,10,j0838,434,0,4936000,179202000,179202000,179201566,44,43
009e310875,10,j0839,475,0,4938000,190496000,190496000,190495525,48,47
009e310875,10,j0840,729,0,4942000,233046000,233046000,233045271,73,72
009e310875,10,j0841,734,0,4952000,234092000,234092000,234091266,74,73
009e310875,10,j0842,598,0,5012000,216772000,216772000,216771402,60,59
009e310875,10,j0843,886,0,5014000,241746000,241746000,241745114,89,88
009e310875,10,j0844,869,0,5014000,241424000,241424000,241423131,87,86
009e310875,10,j0845,634,0,5018000,221880000,221880000,221879366,64,63
009e310875,10,j0846,396,0,5018000,165924000,165924000,165923604,40,39
009e310875,10,j0847,359,0,5018000,148682000,148682000,148681641,36,35
009e310875,10,j0848,621,0,5020000,222392000,222392000,222391379,63,62
009e310875,10,j0849,770,0,5024000,236422000,236422000,236421230,77,76
009e310875,10,j0850,413,0,5024000,172520000,172520000,172519587,42,41
009e310875,10,j0851,572,0,5024000,212136000,212136000,212135428,58,57
009e310875,10,j0852,795,0,5026000,238554000,238554000,238553205,80,79
009e310875,10,j0853,528,0,5048000,202490000,202490000,202489472,53,52
009e310875,10,j0854,311,0,5054000,124452000,124452000,124451689,32,31
009e310875,10,j0855,42,0,5062000,22196000,22196000,22195958,5,4
009e310875,10,j0856,828,0,5054000,240276000,240276000,240275172,83,82
009e310875,10,j0857,565,0,5056000,210310000,210310000,210309435,57,56
009e310875,10,j0858,594,0,5118000,216846000,216846000,216845406,60,59
009e310875,10,j0859,466,0,5146000,188120000,188120000,188119534,47,46
009e310875,10,j0860,400,0,5130000,166160000,166160000,166159600,40,39
009e310875,10,j0861,608,0,5132000,218966000,218966000,218965392,61,60
009e310875,10,j0862,499,0,5138000,195426000,195426000,195425501,50,49
009e310875,10,j0863,673,0,5138000,227642000,227642000,227641327,68,67
009e310875,10,j0864,447,0,5136000,182676000,182676000,182675553,45,44
009e310875,10,j0865,44,0,5146000,22158000,22158000,22157956,5,4
009e310875,10,j0866,542,0,5142000,206634000,206634000,206633458,55,54
009e310875,10,j0867,700,0,5148000,229974000,229974000,229973300,70,69
009e310875,10,j0868,494,0,5156000,195372000,195372000,195371506,50,49
009e310875,10,j0869,723,0,5156000,233028000,233028000,233027277,73,72
009e310875,10,j0870,434,0,5158000,179462000,179462000,179461566,44,43
009e310875,10,j0871,456,0,5160000,185482000,185482000,185481544,46,45
009e310875,10,j0872,618,0,5166000,220842000,220842000,220841382,62,61
009e310875,10,j0873,309,0,5164000,119448000,119448000,119447691,31,30
009e310875,10,j0874,331,0,5200000,134748000,134748000,134747669,34,33
009e310875,10,j0875,654,0,5204000,224722000,224722000,224721346,66,65
009e310875,10,j0876,827,0,5208000,240144000,240144000,240143173,83,82
009e310875,10,j0877,475,0,5208000,190576000,190576000,190575525,48,47
009e310875,10,j0878,563,0,5214000,210430000,210430000,210429437,57,56
009e310875,10,j0879,407,0,5216000,169652000,169652000,169651593,41,40
009e310875,10,j0880,682,0,5218000,228776000,228776000,228775318,69,68
009e310875,10,j0881,19,0,5222000,9838000,9838000,9837981,2,1
009e310875,10,j0882,302,0,5238000,119536000,119536000,119535698,31,30
009e310875,10,j0883,30,0,5244000,13988000,13988000,13987970,3,2
009e310875,10,j0884,399,0,5240000,166032000,166032000,166031601,40,39
009e310875,10,j0885,28,0,5246000,14050000,14050000,14049972,3,2
009e310875,10,j0886,566,0,5248000,210432000,210432000,210431434,57,56
009e310875,10,j0887,614,0,5260000,220776000,220776000,220775386,62,61
009e310875,10,j0888,744,0,5250000,234978000,234978000,234977256,75,74
009e310875,10,j0889,524,0,5252000,202644000,202644000,202643476,53,52
009e310875,10,j0890,674,0,5306000,227522000,227522000,227521326,68,67
009e310875,10,j0891,798,0,5310000,238556000,238556000,238555202,80,79
009e310875,10,j0892,398,0,5312000,166132000,166132000,166131602,40,39
009e310875,10,j0893,466,0,5316000,188328000,188328000,188327534,47,46
009e310875,10,j0894,592,0,5326000,217062000,217062000,217061408,60,59
009e310875,10,j0895,357,0,5326000,148814000,148814000,148813643,36,35
009e310875,10,j0896,571,0,5330000,212152000,212152000,212151429,58,57
009e310875,10,j0897,730,0,5334000,233152000,233152000,233151270,73,72
009e310875,10,j0898,306,0,5342000,119474000,119474000,119473694,31,30
009e310875,10,j0899,569,0,5338000,210438000,210438000,210437431,57,56
009e310875,10,j0900,360,0,5346000,148358000,148358000,148357640,36,35
009e310875,10,j0901,575,0,5342000,212168000,212168000,212167425,58,57
009e310875,10,j0902,510,0,5354000,197810000,197810000,197809490,51,50
009e310875,10,j0903,774,0,5346000,237330000,237330000,237329226,78,77
009e310875,10,j0904,646,0,5344000,223158000,223158000,223157354,65,64
009e310875,10,j0905,330,0,5346000,130396000,130396000,130395670,33,32
009e310875,10,j0906,818,0,5382000,239656000,239656000,239655182,82,81
009e310875,10,j0907,341,0,5386000,141140000,141140000,141139659,35,34
009e310875,10,j0908,484,0,5388000,193232000,193232000,193231516,49,48
009e310875,10,j0909,886,0,5390000,241718000,241718000,241717114,89,88
009e310875,10,j0910,654,0,5392000,224622000,224622000,224621346,66,65
009e310875,10,j0911,592,0,5396000,217138000,217138000,217137408,60,59
009e310875,10,j0912,498,0,5396000,195534000,195534000,195533502,50,49
009e310875,10,j0913,596,0,5398000,217136000,217136000,217135404,60,59
009e310875,10,j0914,370,0,5400000,155016000,155016000,155015630,37,36
009e310875,10,j0915,752,0,5402000,235750000,235750000,235749248,76,75
009e310875,10,j0916,771,0,5400000,237180000,237180000,237179229,78,77
009e310875,10,j0917,413,0,5400000,172576000,172576000,172575587,42,41
009e310875,10,j0918,43,0,5402000,22378000,22378000,22377957,5,4
009e310875,10,j0919,609,0,5406000,219146000,219146000,219145391,61,60
009e310875,10,j0920,339,0,5410000,134746000,134746000,134745661,34,33
009e310875,10,j0921,797,0,5410000,238564000,238564000,238563203,80,79
009e310875,10,j0922,900,0,5444000,241760000,241760000,241759100,90,89
009e310875,10,j0923,613,0,5444000,220934000,220934000,220933387,62,61
009e310875,10,j0924,603,0,5446000,219070000,219070000,219069397,61,60
009e310875,10,j0925,442,0,5446000,182814000,182814000,182813558,45,44
009e310875,10,j0926,651,0,5450000,224590000,224590000,224589349,66,65
009e310875,10,j0927,665,0,5450000,226296000,226296000,226295335,67,66
009e310875,10,j0928,373,0,5452000,160304000,160304000,160303627,38,37
009e310875,10,j0929,362,0,5460000,154886000,154886000,154885638,37,36
009e310875,10,j0930,737,0,5454000,234202000,234202000,234201263,74,73
009e310875,10,j0931,592,0,5462000,216906000,216906000,216905408,60,59
009e310875,10,j0932,22,0,5458000,14196000,14196000,14195978,3,2
009e310875,10,j0933,502,0,5462000,198116000,198116000,198115498,51,50
009e310875,10,j0934,694,0,5468000,230058000,230058000,230057306,70,69
009e310875,10,j0935,783,0,5466000,237956000,237956000,237955217,79,78
009e310875,10,j0936,494,0,5474000,195580000,195580000,195579506,50,49
009e310875,10,j0937,424,0,5474000,176142000,176142000,176141576,43,42
009e310875,10,j0938,353,0,5508000,148848000,148848000,148847647,36,35
009e310875,10,j0939,393,0,5510000,166084000,166084000,166083607,40,39
009e310875,10,j0940,562,0,5534000,210636000,210636000,210635438,57,56
009e310875,10,j0941,616,0,5538000,221216000,221216000,221215384,62,61
009e310875,10,j0942,17,0,5522000,10120000,10120000,10119983,2,1
009e310875,10,j0943,322,0,5524000,130448000,130448000,130447678,33,32
009e310875,10,j0944,754,0,5530000,235668000,235668000,235667246,76,75
009e310875,10,j0945,827,0,5532000,240272000,240272000,240271173,83,82
009e310875,10,j0946,401,0,5552000,169840000,169840000,169839599,41,40
009e310875,10,j0947,817,0,5556000,239716000,239716000,239715183,82,81
009e310875,10,j0948,720,0,5558000,232160000,232160000,232159280,72,71
009e310875,10,j0949,579,0,5560000,212218000,212218000,212217421,58,57
009e310875,10,j0950,383,0,5558000,164544000,164544000,164543617,39,38
009e310875,10,j0951,478,0,5560000,190608000,190608000,190607522,48,47
009e310875,10,j0952,620,0,5564000,221042000,221042000,221041380,62,61
009e310875,10,j0953,550,0,5572000,206730000,206730000,206729450,55,54
009e310875,10,j0954,795,0,5620000,238688000,238688000,238687205,80,79
009e310875,10,j0955,806,0,5620000,239254000,239254000,239253194,81,80
009e310875,10,j0956,47,0,5620000,22520000,22520000,22519953,5,4
009e310875,10,j0957,401,0,5624000,169738000,169738000,169737599,41,40
009e310875,10,j0958,401,0,5632000,169718000,169718000,169717599,41,40
009e310875,10,j0959,501,0,5642000,198196000,198196000,198195499,51,50
009e310875,10,j0960,771,0,5634000,237358000,237358000,237357229,78,77
009e310875,10,j0961,434,0,5634000,179678000,179678000,179677566,44,43
009e310875,10,j0962,687,0,5636000,228766000,228766000,228765313,69,68
009e310875,10,j0963,334,0,5638000,135438000,135438000,135437666,34,33
009e310875,10,j0964,578,0,5642000,212302000,212302000,212301422,58,57
009e310875,10,j0965,26,0,5640000,14380000,14380000,14379974,3,2
009e310875,10,j0966,734,0,5644000,234160000,234160000,234159266,74,73
009e310875,10,j0967,641,0,5652000,223266000,223266000,223265359,65,64
009e310875,10,j0968,453,0,5646000,185848000,185848000,185847547,46,45
009e310875,10,j0969,806,0,5658000,239182000,239182000,239181194,81,80
009e310875,10,j0970,30,0,5690000,14338000,14338000,14337970,3,2
009e310875,10,j0971,797,0,5694000,238678000,238678000,238677203,80,79
009e310875,10,j0972,337,0,5696000,135350000,135350000,135349663,34,33
009e310875,10,j0973,807,0,5702000,239292000,239292000,239291193,81,80
009e310875,10,j0974,48,0,5710000,22592000,22592000,22591952,5,4
009e310875,10,j0975,802,0,5712000,239302000,239302000,239301198,81,80
009e310875,10,j0976,495,0,5714000,195624000,195624000,195623505,50,49
009e310875,10,j0977,678,0,5720000,227640000,227640000,227639322,68,67
009e310875,10,j0978,574,0,5724000,212292000,212292000,212291426,58,57
009e310875,10,j0979,466,0,5726000,188544000,188544000,188543534,47,46
009e310875,10,j0980,313,0,5728000,125646000,125646000,125645687,32,31
009e310875,10,j0981,441,0,5730000,182800000,182800000,182799559,45,44
009e310875,10,j0982,871,0,5730000,241656000,241656000,241655129,88,87
009e310875,10,j0983,331,0,5736000,135676000,135676000,135675669,34,33
009e310875,10,j0984,700,0,5736000,230100000,230100000,230099300,70,69
009e310875,10,j0985,660,0,5742000,224744000,224744000,224743340,66,65
009e310875,10,j0986,529,0,5770000,202758000,202758000,202757471,53,52
009e310875,10,j0987,849,0,5774000,240978000,240978000,240977151,85,84
009e310875,10,j0988,787,0,5782000,238104000,238104000,238103213,79,78
009e310875,10,j0989,870,0,5786000,241484000,241484000,241483130,87,86
009e310875,10,j0990,616,0,5786000,220992000,220992000,220991384,62,61
009e310875,10,j0991,846,0,5786000,240984000,240984000,240983154,85,84
009e310875,10,j0992,509,0,5792000,198086000,198086000,198085491,51,50
009e310875,10,j0993,439,0,5792000,180024000,180024000,180023561,44,43
009e310875,10,j0994,876,0,5794000,241654000,241654000,241653124,88,87
009e310875,10,j0995,575,0,5792000,212376000,212376000,212375425,58,57
009e310875,10,j0996,630,0,5792000,222596000,222596000,222595370,63,62
009e310875,10,j0997,793,0,5792000,238598000,238598000,238597207,80,79
009e310875,10,j0998,507,0,5796000,198340000,198340000,198339493,51,50
009e310875,10,j0999,734,0,5796000,234198000,234198000,234197266,74,73
